TE,osm_relation,part,ring,order,lon,lat
10,14243026,0,0,0,76.56,49.4137
10,14243026,0,0,1,76.5831,49.3953
10,14243026,0,0,2,76.5821,49.38
10,14243026,0,0,3,76.6141,49.3371
10,14243026,0,0,4,76.6242,49.3006
10,14243026,0,0,5,76.7038,49.284
10,14243026,0,0,6,76.8197,49.2244
10,14243026,0,0,7,76.843,49.1949
10,14243026,0,0,8,76.8392,49.166
10,14243026,0,0,9,76.8466,49.1412
10,14243026,0,0,10,76.9352,49.124
10,14243026,0,0,11,76.9462,49.1105
10,14243026,0,0,12,76.9791,49.1029
10,14243026,0,0,13,77.0232,49.0493
10,14243026,0,0,14,76.9611,49.0212
10,14243026,0,0,15,76.9249,49.0335
10,14243026,0,0,16,76.8338,49.0134
10,14243026,0,0,17,76.8366,48.9455
10,14243026,0,0,18,76.851,48.8904
10,14243026,0,0,19,76.8346,48.8696
10,14243026,0,0,20,76.833,48.8484
10,14243026,0,0,21,76.8839,48.8141
10,14243026,0,0,22,76.8906,48.82
10,14243026,0,0,23,77.2894,48.8545
10,14243026,0,0,24,77.3316,48.7419
10,14243026,0,0,25,77.3132,48.7324
10,14243026,0,0,26,77.3189,48.7176
10,14243026,0,0,27,77.3084,48.7046
10,14243026,0,0,28,77.3183,48.681
10,14243026,0,0,29,77.3005,48.6489
10,14243026,0,0,30,77.3166,48.6299
10,14243026,0,0,31,77.1575,48.4908
10,14243026,0,0,32,76.9601,48.5022
10,14243026,0,0,33,76.9041,48.4828
10,14243026,0,0,34,76.8969,48.4672
10,14243026,0,0,35,76.9006,48.427
10,14243026,0,0,36,76.8904,48.4117
10,14243026,0,0,37,76.8217,48.403
10,14243026,0,0,38,76.8401,48.3672
10,14243026,0,0,39,76.9355,48.3266
10,14243026,0,0,40,76.9811,48.2878
10,14243026,0,0,41,77.0356,48.2733
10,14243026,0,0,42,77.1622,48.273
10,14243026,0,0,43,77.1459,48.2411
10,14243026,0,0,44,77.0601,48.2371
10,14243026,0,0,45,77.0444,48.1988
10,14243026,0,0,46,77.0644,48.1725
10,14243026,0,0,47,77.1635,48.1033
10,14243026,0,0,48,77.2282,48.1063
10,14243026,0,0,49,77.2922,48.0976
10,14243026,0,0,50,77.3374,48.0686
10,14243026,0,0,51,77.1686,48.0171
10,14243026,0,0,52,77.194,47.9587
10,14243026,0,0,53,77.1405,47.9367
10,14243026,0,0,54,77.1148,47.8501
10,14243026,0,0,55,77.046,47.8539
10,14243026,0,0,56,77.046,47.8262
10,14243026,0,0,57,76.9772,47.6727
10,14243026,0,0,58,76.9775,47.6424
10,14243026,0,0,59,77.0187,47.5627
10,14243026,0,0,60,77.0536,47.3957
10,14243026,0,0,61,76.9627,47.4183
10,14243026,0,0,62,76.8682,47.4156
10,14243026,0,0,63,76.8666,47.3702
10,14243026,0,0,64,76.8333,47.2667
10,14243026,0,0,65,76.7792,47.241
10,14243026,0,0,66,76.8312,47.2228
10,14243026,0,0,67,76.8805,47.1724
10,14243026,0,0,68,77.1257,47.0788
10,14243026,0,0,69,77.1702,47.0754
10,14243026,0,0,70,77.2302,47.1708
10,14243026,0,0,71,77.2917,47.1825
10,14243026,0,0,72,77.3279,47.1623
10,14243026,0,0,73,77.3907,47.1474
10,14243026,0,0,74,77.4658,47.1591
10,14243026,0,0,75,77.528,47.1945
10,14243026,0,0,76,77.6002,47.2022
10,14243026,0,0,77,77.7298,47.1752
10,14243026,0,0,78,77.7979,47.1742
10,14243026,0,0,79,77.8535,47.2191
10,14243026,0,0,80,77.9388,47.2549
10,14243026,0,0,81,78.0131,47.1824
10,14243026,0,0,82,78.0752,47.1685
10,14243026,0,0,83,78.1568,47.2463
10,14243026,0,0,84,78.2062,47.2814
10,14243026,0,0,85,78.2477,47.2843
10,14243026,0,0,86,78.2848,47.2514
10,14243026,0,0,87,78.3889,47.1997
10,14243026,0,0,88,78.4844,47.1692
10,14243026,0,0,89,78.483,47.1581
10,14243026,0,0,90,78.6123,47.1291
10,14243026,0,0,91,78.6552,47.1284
10,14243026,0,0,92,78.6916,47.0554
10,14243026,0,0,93,78.7708,47.0508
10,14243026,0,0,94,79.1386,47.0845
10,14243026,0,0,95,79.2902,46.9457
10,14243026,0,0,96,79.4473,46.8262
10,14243026,0,0,97,79.4704,46.7904
10,14243026,0,0,98,79.5718,46.8003
10,14243026,0,0,99,79.9159,46.8716
10,14243026,0,0,100,80.0107,46.9134
10,14243026,0,0,101,80.191,46.8662
10,14243026,0,0,102,80.1982,46.8092
10,14243026,0,0,103,80.2166,46.8045
10,14243026,0,0,104,80.2372,46.7838
10,14243026,0,0,105,80.591,46.667
10,14243026,0,0,106,80.8632,46.5628
10,14243026,0,0,107,81.1046,46.5656
10,14243026,0,0,108,81.1423,46.5601
10,14243026,0,0,109,81.2023,46.5128
10,14243026,0,0,110,81.2553,46.4896
10,14243026,0,0,111,81.292,46.5133
10,14243026,0,0,112,81.3095,46.5128
10,14243026,0,0,113,81.3274,46.493
10,14243026,0,0,114,81.3395,46.4525
10,14243026,0,0,115,81.3656,46.4594
10,14243026,0,0,116,81.383,46.4896
10,14243026,0,0,117,81.4131,46.5105
10,14243026,0,0,118,81.412,46.5208
10,14243026,0,0,119,81.4397,46.5265
10,14243026,0,0,120,81.4449,46.5205
10,14243026,0,0,121,81.3778,46.445
10,14243026,0,0,122,81.3995,46.4342
10,14243026,0,0,123,81.4693,46.4843
10,14243026,0,0,124,81.4726,46.4954
10,14243026,0,0,125,81.5599,46.4872
10,14243026,0,0,126,81.6029,46.5193
10,14243026,0,0,127,81.5639,46.4768
10,14243026,0,0,128,81.5566,46.4574
10,14243026,0,0,129,81.5127,46.4171
10,14243026,0,0,130,81.5369,46.3658
10,14243026,0,0,131,81.7599,46.1865
10,14243026,0,0,132,81.8848,46.1037
10,14243026,0,0,133,81.978,45.8807
10,14243026,0,0,134,82.0267,45.85
10,14243026,0,0,135,82.0968,45.7787
10,14243026,0,0,136,82.1244,45.7613
10,14243026,0,0,137,82.1208,45.6481
10,14243026,0,0,138,82.1396,45.6221
10,14243026,0,0,139,82.154,45.5618
10,14243026,0,0,140,82.2682,45.5357
10,14243026,0,0,141,82.28,45.5351
10,14243026,0,0,142,82.2708,45.5505
10,14243026,0,0,143,82.2588,45.6165
10,14243026,0,0,144,82.2827,45.6494
10,14243026,0,0,145,82.2881,45.7088
10,14243026,0,0,146,82.3451,45.7957
10,14243026,0,0,147,82.3454,45.839
10,14243026,0,0,148,82.33,45.8869
10,14243026,0,0,149,82.3407,45.9081
10,14243026,0,0,150,82.3357,45.9392
10,14243026,0,0,151,82.3757,45.9641
10,14243026,0,0,152,82.4561,45.9772
10,14243026,0,0,153,82.5119,46.1546
10,14243026,0,0,154,82.7216,46.485
10,14243026,0,0,155,82.7682,46.6038
10,14243026,0,0,156,82.7881,46.687
10,14243026,0,0,157,82.8218,46.7624
10,14243026,0,0,158,82.8295,46.7774
10,14243026,0,0,159,82.8685,46.7991
10,14243026,0,0,160,82.8692,46.83
10,14243026,0,0,161,82.9222,46.9403
10,14243026,0,0,162,82.9381,47.0161
10,14243026,0,0,163,82.9516,47.0201
10,14243026,0,0,164,82.9668,47.0356
10,14243026,0,0,165,82.9689,47.049
10,14243026,0,0,166,82.9931,47.0644
10,14243026,0,0,167,83.0104,47.1144
10,14243026,0,0,168,83.0031,47.1208
10,14243026,0,0,169,83.0196,47.1329
10,14243026,0,0,170,83.0123,47.1472
10,14243026,0,0,171,83.0281,47.162
10,14243026,0,0,172,83.0236,47.2151
10,14243026,0,0,173,83.0323,47.2237
10,14243026,0,0,174,83.0422,47.215
10,14243026,0,0,175,83.0632,47.2277
10,14243026,0,0,176,83.156,47.2304
10,14243026,0,0,177,83.1773,47.2574
10,14243026,0,0,178,83.1727,47.2972
10,14243026,0,0,179,83.1919,47.3917
10,14243026,0,0,180,83.2096,47.3956
10,14243026,0,0,181,83.2129,47.4145
10,14243026,0,0,182,83.2307,47.4322
10,14243026,0,0,183,83.2228,47.475
10,14243026,0,0,184,83.1651,47.5229
10,14243026,0,0,185,83.1141,47.5845
10,14243026,0,0,186,83.1699,47.6157
10,14243026,0,0,187,83.1569,47.6358
10,14243026,0,0,188,83.0748,47.6416
10,14243026,0,0,189,83.0793,47.6486
10,14243026,0,0,190,83.0266,47.705
10,14243026,0,0,191,82.9772,47.7831
10,14243026,0,0,192,82.9742,47.8004
10,14243026,0,0,193,82.9903,47.8824
10,14243026,0,0,194,82.987,47.9096
10,14243026,0,0,195,83.0036,47.9196
10,14243026,0,0,196,82.972,47.938
10,14243026,0,0,197,82.9904,47.9612
10,14243026,0,0,198,83.217,48.0934
10,14243026,0,0,199,83.43,48.2346
10,14243026,0,0,200,83.4696,48.2404
10,14243026,0,0,201,83.4659,48.2541
10,14243026,0,0,202,83.4886,48.2609
10,14243026,0,0,203,83.4924,48.2691
10,14243026,0,0,204,83.4781,48.2852
10,14243026,0,0,205,83.5181,48.3176
10,14243026,0,0,206,83.5961,48.3483
10,14243026,0,0,207,83.6197,48.3679
10,14243026,0,0,208,83.6156,48.3909
10,14243026,0,0,209,83.5589,48.4171
10,14243026,0,0,210,83.4858,48.4379
10,14243026,0,0,211,83.4377,48.4706
10,14243026,0,0,212,83.4214,48.5237
10,14243026,0,0,213,83.3476,48.5276
10,14243026,0,0,214,83.3232,48.5366
10,14243026,0,0,215,83.3156,48.553
10,14243026,0,0,216,83.2151,48.5859
10,14243026,0,0,217,83.1905,48.6284
10,14243026,0,0,218,83.1927,48.6367
10,14243026,0,0,219,83.2019,48.6331
10,14243026,0,0,220,83.2059,48.649
10,14243026,0,0,221,83.1771,48.6804
10,14243026,0,0,222,83.1547,48.6719
10,14243026,0,0,223,83.1534,48.689
10,14243026,0,0,224,83.1255,48.6839
10,14243026,0,0,225,83.1407,48.6559
10,14243026,0,0,226,83.1155,48.6152
10,14243026,0,0,227,83.0626,48.6275
10,14243026,0,0,228,83.0383,48.6209
10,14243026,0,0,229,83.014,48.6262
10,14243026,0,0,230,83.0081,48.6332
10,14243026,0,0,231,83.0136,48.6448
10,14243026,0,0,232,83.0608,48.6392
10,14243026,0,0,233,83.0618,48.6543
10,14243026,0,0,234,83.0405,48.659
10,14243026,0,0,235,83.0233,48.6797
10,14243026,0,0,236,83.0334,48.7037
10,14243026,0,0,237,83.1002,48.7031
10,14243026,0,0,238,83.1069,48.7139
10,14243026,0,0,239,83.1203,48.6897
10,14243026,0,0,240,83.1802,48.7069
10,14243026,0,0,241,83.1922,48.7178
10,14243026,0,0,242,83.1688,48.7644
10,14243026,0,0,243,83.0306,48.7516
10,14243026,0,0,244,82.9799,48.7672
10,14243026,0,0,245,82.979,48.7239
10,14243026,0,0,246,82.9239,48.7298
10,14243026,0,0,247,82.9445,48.7482
10,14243026,0,0,248,82.9548,48.7458
10,14243026,0,0,249,82.9389,48.7571
10,14243026,0,0,250,82.9434,48.7631
10,14243026,0,0,251,82.9061,48.7729
10,14243026,0,0,252,82.9497,48.817
10,14243026,0,0,253,82.8851,48.8297
10,14243026,0,0,254,82.872,48.782
10,14243026,0,0,255,82.8973,48.7757
10,14243026,0,0,256,82.9005,48.7619
10,14243026,0,0,257,82.9282,48.7524
10,14243026,0,0,258,82.8846,48.7621
10,14243026,0,0,259,82.8671,48.7442
10,14243026,0,0,260,82.8255,48.7688
10,14243026,0,0,261,82.797,48.768
10,14243026,0,0,262,82.7981,48.7778
10,14243026,0,0,263,82.8251,48.7957
10,14243026,0,0,264,82.8217,48.8172
10,14243026,0,0,265,82.832,48.824
10,14243026,0,0,266,82.811,48.854
10,14243026,0,0,267,82.8452,48.8432
10,14243026,0,0,268,82.8958,48.8849
10,14243026,0,0,269,82.9212,48.9087
10,14243026,0,0,270,82.9201,48.9452
10,14243026,0,0,271,82.8546,48.9719
10,14243026,0,0,272,82.7675,48.9713
10,14243026,0,0,273,82.7587,48.9888
10,14243026,0,0,274,82.7091,49.0297
10,14243026,0,0,275,82.7193,49.0276
10,14243026,0,0,276,82.7231,49.0352
10,14243026,0,0,277,82.7034,49.0551
10,14243026,0,0,278,82.6982,49.0716
10,14243026,0,0,279,82.7039,49.1284
10,14243026,0,0,280,82.6836,49.1552
10,14243026,0,0,281,82.6794,49.1932
10,14243026,0,0,282,82.6905,49.2214
10,14243026,0,0,283,82.6682,49.2272
10,14243026,0,0,284,82.6582,49.2114
10,14243026,0,0,285,82.6349,49.2114
10,14243026,0,0,286,82.5992,49.2451
10,14243026,0,0,287,82.6103,49.2538
10,14243026,0,0,288,82.5228,49.3316
10,14243026,0,0,289,82.4307,49.3392
10,14243026,0,0,290,82.3999,49.3026
10,14243026,0,0,291,82.3621,49.3417
10,14243026,0,0,292,82.3017,49.3754
10,14243026,0,0,293,82.3009,49.3852
10,14243026,0,0,294,82.2489,49.3906
10,14243026,0,0,295,82.2453,49.3773
10,14243026,0,0,296,82.1384,49.3947
10,14243026,0,0,297,82.0927,49.4096
10,14243026,0,0,298,82.1014,49.4365
10,14243026,0,0,299,82.0718,49.4342
10,14243026,0,0,300,82.0585,49.4516
10,14243026,0,0,301,82.0645,49.4734
10,14243026,0,0,302,82.0818,49.4942
10,14243026,0,0,303,82.082,49.5142
10,14243026,0,0,304,82.0487,49.514
10,14243026,0,0,305,82.0206,49.5297
10,14243026,0,0,306,82.009,49.5576
10,14243026,0,0,307,81.9896,49.5671
10,14243026,0,0,308,81.9127,49.5818
10,14243026,0,0,309,81.9104,49.6011
10,14243026,0,0,310,81.8579,49.6212
10,14243026,0,0,311,81.8092,49.6218
10,14243026,0,0,312,81.8149,49.6573
10,14243026,0,0,313,81.7913,49.658
10,14243026,0,0,314,81.7674,49.6839
10,14243026,0,0,315,81.7297,49.7017
10,14243026,0,0,316,81.7546,49.7351
10,14243026,0,0,317,81.7538,49.7483
10,14243026,0,0,318,81.7174,49.763
10,14243026,0,0,319,81.7114,49.7379
10,14243026,0,0,320,81.6898,49.7264
10,14243026,0,0,321,81.6675,49.7236
10,14243026,0,0,322,81.6464,49.7342
10,14243026,0,0,323,81.6378,49.744
10,14243026,0,0,324,81.6388,49.7627
10,14243026,0,0,325,81.6909,49.7831
10,14243026,0,0,326,81.7025,49.8187
10,14243026,0,0,327,81.6966,49.865
10,14243026,0,0,328,81.6753,49.8823
10,14243026,0,0,329,81.6419,49.877
10,14243026,0,0,330,81.5689,49.882
10,14243026,0,0,331,81.5608,49.8976
10,14243026,0,0,332,81.57,49.9137
10,14243026,0,0,333,81.5219,49.9132
10,14243026,0,0,334,81.5019,49.9374
10,14243026,0,0,335,81.4807,49.9483
10,14243026,0,0,336,81.3293,49.967
10,14243026,0,0,337,81.3375,50.0088
10,14243026,0,0,338,81.3276,50.0307
10,14243026,0,0,339,81.3451,50.0421
10,14243026,0,0,340,81.3402,50.0538
10,14243026,0,0,341,81.3546,50.0567
10,14243026,0,0,342,81.3745,50.1247
10,14243026,0,0,343,81.2692,50.1318
10,14243026,0,0,344,81.1238,50.1623
10,14243026,0,0,345,81.1125,50.227
10,14243026,0,0,346,81.1557,50.2336
10,14243026,0,0,347,81.1931,50.2538
10,14243026,0,0,348,81.3245,50.2308
10,14243026,0,0,349,81.3323,50.2238
10,14243026,0,0,350,81.3369,50.2317
10,14243026,0,0,351,81.3738,50.2369
10,14243026,0,0,352,81.3493,50.3234
10,14243026,0,0,353,81.4779,50.3193
10,14243026,0,0,354,81.627,50.2688
10,14243026,0,0,355,81.6825,50.3152
10,14243026,0,0,356,81.6884,50.4003
10,14243026,0,0,357,81.7204,50.4025
10,14243026,0,0,358,81.6904,50.408
10,14243026,0,0,359,81.6692,50.4392
10,14243026,0,0,360,81.6924,50.4584
10,14243026,0,0,361,81.6932,50.483
10,14243026,0,0,362,81.737,50.5047
10,14243026,0,0,363,81.7156,50.5325
10,14243026,0,0,364,81.6865,50.544
10,14243026,0,0,365,81.6874,50.5516
10,14243026,0,0,366,81.6783,50.5492
10,14243026,0,0,367,81.6786,50.5593
10,14243026,0,0,368,81.6509,50.5551
10,14243026,0,0,369,81.6501,50.5622
10,14243026,0,0,370,81.6339,50.5687
10,14243026,0,0,371,81.6373,50.5768
10,14243026,0,0,372,81.629,50.5763
10,14243026,0,0,373,81.6327,50.584
10,14243026,0,0,374,81.6646,50.5845
10,14243026,0,0,375,81.6641,50.6479
10,14243026,0,0,376,81.6341,50.6737
10,14243026,0,0,377,81.634,50.6959
10,14243026,0,0,378,81.585,50.7043
10,14243026,0,0,379,81.5908,50.7435
10,14243026,0,0,380,81.526,50.7517
10,14243026,0,0,381,81.5251,50.758
10,14243026,0,0,382,81.4492,50.7561
10,14243026,0,0,383,81.4606,50.8021
10,14243026,0,0,384,81.4854,50.8238
10,14243026,0,0,385,81.4716,50.8432
10,14243026,0,0,386,81.4716,50.8624
10,14243026,0,0,387,81.4356,50.863
10,14243026,0,0,388,81.4357,50.8723
10,14243026,0,0,389,81.4209,50.8724
10,14243026,0,0,390,81.4212,50.8818
10,14243026,0,0,391,81.4427,50.8919
10,14243026,0,0,392,81.4423,50.9108
10,14243026,0,0,393,81.435,50.9109
10,14243026,0,0,394,81.4351,50.93
10,14243026,0,0,395,81.4138,50.9304
10,14243026,0,0,396,81.4132,50.9756
10,14243026,0,0,397,81.293,50.9746
10,14243026,0,0,398,81.2645,50.962
10,14243026,0,0,399,81.2318,50.963
10,14243026,0,0,400,81.1914,50.9512
10,14243026,0,0,401,81.1792,50.9575
10,14243026,0,0,402,81.0604,50.9477
10,14243026,0,0,403,81.1016,51.061
10,14243026,0,0,404,81.1475,51.0883
10,14243026,0,0,405,81.1729,51.1416
10,14243026,0,0,406,81.1649,51.154
10,14243026,0,0,407,81.177,51.1617
10,14243026,0,0,408,81.1744,51.1828
10,14243026,0,0,409,81.1463,51.2112
10,14243026,0,0,410,81.1152,51.2115
10,14243026,0,0,411,81.1013,51.1798
10,14243026,0,0,412,81.0469,51.1812
10,14243026,0,0,413,81.0459,51.1892
10,14243026,0,0,414,80.9193,51.2191
10,14243026,0,0,415,80.9409,51.26
10,14243026,0,0,416,80.909,51.2584
10,14243026,0,0,417,80.856,51.2774
10,14243026,0,0,418,80.6773,51.316
10,14243026,0,0,419,80.6343,51.2634
10,14243026,0,0,420,80.6342,51.2071
10,14243026,0,0,421,80.4471,51.2069
10,14243026,0,0,422,80.4369,51.1772
10,14243026,0,0,423,80.4381,51.1192
10,14243026,0,0,424,80.4552,51.1192
10,14243026,0,0,425,80.4551,51.1095
10,14243026,0,0,426,80.482,51.1096
10,14243026,0,0,427,80.4826,50.9696
10,14243026,0,0,428,80.4211,50.962
10,14243026,0,0,429,80.3757,50.9272
10,14243026,0,0,430,80.3255,50.9278
10,14243026,0,0,431,80.3252,50.9184
10,14243026,0,0,432,80.2471,50.9191
10,14243026,0,0,433,80.2468,50.8989
10,14243026,0,0,434,80.1936,50.9002
10,14243026,0,0,435,80.1863,50.828
10,14243026,0,0,436,80.0843,50.8296
10,14243026,0,0,437,80.0841,50.8531
10,14243026,0,0,438,80.0681,50.8528
10,14243026,0,0,439,80.0624,50.8351
10,14243026,0,0,440,80.0757,50.7384
10,14243026,0,0,441,79.3475,51.7088
10,14243026,0,0,442,79.2543,51.6996
10,14243026,0,0,443,79.248,51.6922
10,14243026,0,0,444,79.2589,51.6876
10,14243026,0,0,445,79.2322,51.6822
10,14243026,0,0,446,79.2304,51.6704
10,14243026,0,0,447,79.2459,51.665
10,14243026,0,0,448,79.2492,51.6518
10,14243026,0,0,449,79.2205,51.6299
10,14243026,0,0,450,79.1995,51.6187
10,14243026,0,0,451,79.0613,51.587
10,14243026,0,0,452,79.1028,51.5244
10,14243026,0,0,453,78.9841,51.4493
10,14243026,0,0,454,78.9178,51.458
10,14243026,0,0,455,78.7421,51.4471
10,14243026,0,0,456,78.7481,51.3814
10,14243026,0,0,457,78.7897,51.3818
10,14243026,0,0,458,78.7835,51.3733
10,14243026,0,0,459,78.7847,51.2982
10,14243026,0,0,460,78.6983,51.3115
10,14243026,0,0,461,78.6955,51.2931
10,14243026,0,0,462,78.6409,51.2908
10,14243026,0,0,463,78.6353,51.2746
10,14243026,0,0,464,78.5421,51.2376
10,14243026,0,0,465,78.4179,51.2195
10,14243026,0,0,466,78.3907,51.219
10,14243026,0,0,467,78.3401,51.2448
10,14243026,0,0,468,78.3103,51.2116
10,14243026,0,0,469,78.2872,51.2011
10,14243026,0,0,470,78.2444,51.1888
10,14243026,0,0,471,78.1943,51.1855
10,14243026,0,0,472,78.089,51.1383
10,14243026,0,0,473,78.1397,51.1137
10,14243026,0,0,474,78.13,51.1039
10,14243026,0,0,475,78.0847,51.0924
10,14243026,0,0,476,78.0794,51.08
10,14243026,0,0,477,78.1316,51.0639
10,14243026,0,0,478,78.1271,51.0278
10,14243026,0,0,479,78.1857,51.0198
10,14243026,0,0,480,78.2013,50.965
10,14243026,0,0,481,78.2374,50.9459
10,14243026,0,0,482,78.2476,50.9171
10,14243026,0,0,483,78.2801,50.8757
10,14243026,0,0,484,78.3459,50.8742
10,14243026,0,0,485,78.3682,50.853
10,14243026,0,0,486,78.4625,50.8371
10,14243026,0,0,487,78.4789,50.7968
10,14243026,0,0,488,78.4743,50.7797
10,14243026,0,0,489,78.4515,50.7692
10,14243026,0,0,490,78.458,50.7364
10,14243026,0,0,491,78.5237,50.681
10,14243026,0,0,492,78.6114,50.6861
10,14243026,0,0,493,78.6902,50.7003
10,14243026,0,0,494,78.7003,50.6908
10,14243026,0,0,495,78.6835,50.6745
10,14243026,0,0,496,78.6882,50.6289
10,14243026,0,0,497,78.6724,50.5883
10,14243026,0,0,498,78.6846,50.516
10,14243026,0,0,499,78.6767,50.4576
10,14243026,0,0,500,78.7707,50.4397
10,14243026,0,0,501,78.7883,50.3109
10,14243026,0,0,502,78.7376,50.2573
10,14243026,0,0,503,78.7108,50.2129
10,14243026,0,0,504,78.6189,50.1036
10,14243026,0,0,505,78.5869,50.0825
10,14243026,0,0,506,78.474,50.0424
10,14243026,0,0,507,78.3933,50.0371
10,14243026,0,0,508,78.1876,50.0831
10,14243026,0,0,509,77.8031,50.1922
10,14243026,0,0,510,77.7556,50.2353
10,14243026,0,0,511,77.6972,50.2219
10,14243026,0,0,512,77.7023,50.204
10,14243026,0,0,513,77.6785,50.1607
10,14243026,0,0,514,77.4761,50.0507
10,14243026,0,0,515,77.4458,50.0213
10,14243026,0,0,516,77.277,49.9703
10,14243026,0,0,517,77.2318,49.9432
10,14243026,0,0,518,77.1925,49.944
10,14243026,0,0,519,77.1658,49.9287
10,14243026,0,0,520,77.1464,49.8782
10,14243026,0,0,521,77.1619,49.8619
10,14243026,0,0,522,77.1454,49.7721
10,14243026,0,0,523,77.1826,49.7566
10,14243026,0,0,524,77.177,49.7061
10,14243026,0,0,525,77.167,49.6834
10,14243026,0,0,526,77.0404,49.5528
10,14243026,0,0,527,76.8233,49.5057
10,14243026,0,0,528,76.7768,49.5113
10,14243026,0,0,529,76.5832,49.4583
10,14243026,0,0,530,76.5673,49.4393
10,14243026,0,0,531,76.56,49.4137
11,215743,0,0,0,65.3524,51.7935
11,215743,0,0,1,65.3831,51.6849
11,215743,0,0,2,65.5209,51.6843
11,215743,0,0,3,65.5773,51.6282
11,215743,0,0,4,65.5692,51.5834
11,215743,0,0,5,65.5372,51.514
11,215743,0,0,6,65.4615,51.4401
11,215743,0,0,7,65.5456,51.4037
11,215743,0,0,8,65.3875,51.3276
11,215743,0,0,9,65.4031,51.3016
11,215743,0,0,10,65.4792,51.2429
11,215743,0,0,11,65.4253,51.2039
11,215743,0,0,12,65.4504,51.1857
11,215743,0,0,13,65.5607,51.1362
11,215743,0,0,14,65.633,51.0824
11,215743,0,0,15,65.61,51.0546
11,215743,0,0,16,65.6142,51.0061
11,215743,0,0,17,65.5794,50.8964
11,215743,0,0,18,65.5853,50.8956
11,215743,0,0,19,65.6046,50.8309
11,215743,0,0,20,65.628,50.8273
11,215743,0,0,21,65.6667,50.8474
11,215743,0,0,22,65.7893,50.8544
11,215743,0,0,23,65.8246,50.8852
11,215743,0,0,24,65.8619,50.9644
11,215743,0,0,25,65.9417,50.9426
11,215743,0,0,26,65.9499,50.9594
11,215743,0,0,27,65.9944,50.9493
11,215743,0,0,28,65.9895,50.9466
11,215743,0,0,29,66.0707,50.8876
11,215743,0,0,30,66.0611,50.8837
11,215743,0,0,31,66.088,50.8717
11,215743,0,0,32,66.0843,50.8294
11,215743,0,0,33,66.1019,50.8233
11,215743,0,0,34,66.0918,50.8148
11,215743,0,0,35,66.1168,50.8048
11,215743,0,0,36,66.1096,50.7982
11,215743,0,0,37,66.1328,50.7881
11,215743,0,0,38,66.1565,50.8099
11,215743,0,0,39,66.1784,50.8001
11,215743,0,0,40,66.2018,50.8251
11,215743,0,0,41,66.2406,50.8274
11,215743,0,0,42,66.3156,50.6854
11,215743,0,0,43,66.4331,50.7107
11,215743,0,0,44,66.4955,50.6731
11,215743,0,0,45,66.64,50.627
11,215743,0,0,46,66.6663,50.6359
11,215743,0,0,47,66.7245,50.6115
11,215743,0,0,48,66.8502,50.645
11,215743,0,0,49,66.9909,50.6582
11,215743,0,0,50,67.11,50.6224
11,215743,0,0,51,67.0946,50.5462
11,215743,0,0,52,67.0643,50.5309
11,215743,0,0,53,67.1312,50.3841
11,215743,0,0,54,67.4888,50.4506
11,215743,0,0,55,67.4742,50.4693
11,215743,0,0,56,67.5536,50.4846
11,215743,0,0,57,67.5637,50.4933
11,215743,0,0,58,67.6502,50.4813
11,215743,0,0,59,67.7469,50.4897
11,215743,0,0,60,67.783,50.4844
11,215743,0,0,61,67.8333,50.4972
11,215743,0,0,62,67.8532,50.5125
11,215743,0,0,63,67.9138,50.5339
11,215743,0,0,64,67.9363,50.5578
11,215743,0,0,65,67.934,50.581
11,215743,0,0,66,67.9435,50.5981
11,215743,0,0,67,67.9167,50.6197
11,215743,0,0,68,67.9219,50.6284
11,215743,0,0,69,67.9023,50.6462
11,215743,0,0,70,67.9061,50.6536
11,215743,0,0,71,67.8897,50.6566
11,215743,0,0,72,68.0291,50.6554
11,215743,0,0,73,68.0461,50.6611
11,215743,0,0,74,68.0817,50.6304
11,215743,0,0,75,68.116,50.619
11,215743,0,0,76,68.1451,50.6189
11,215743,0,0,77,68.2182,50.6501
11,215743,0,0,78,68.2559,50.6571
11,215743,0,0,79,68.3278,50.7116
11,215743,0,0,80,68.3305,50.7233
11,215743,0,0,81,68.4313,50.7557
11,215743,0,0,82,68.4779,50.7629
11,215743,0,0,83,68.4775,50.7775
11,215743,0,0,84,68.5124,50.8041
11,215743,0,0,85,68.8013,50.7995
11,215743,0,0,86,68.7924,50.5601
11,215743,0,0,87,68.7734,50.5481
11,215743,0,0,88,68.7495,50.5124
11,215743,0,0,89,68.7606,50.471
11,215743,0,0,90,68.7368,50.42
11,215743,0,0,91,68.7298,50.3019
11,215743,0,0,92,68.6906,50.2766
11,215743,0,0,93,68.6739,50.244
11,215743,0,0,94,68.7517,50.2392
11,215743,0,0,95,68.7503,50.214
11,215743,0,0,96,68.7889,50.2213
11,215743,0,0,97,68.8243,50.2023
11,215743,0,0,98,68.852,50.2053
11,215743,0,0,99,68.9651,50.1763
11,215743,0,0,100,69.0505,50.1906
11,215743,0,0,101,69.0813,50.1792
11,215743,0,0,102,69.0813,50.195
11,215743,0,0,103,69.109,50.197
11,215743,0,0,104,69.1528,50.1781
11,215743,0,0,105,69.1646,50.2325
11,215743,0,0,106,69.1845,50.26
11,215743,0,0,107,69.2142,50.2372
11,215743,0,0,108,69.2594,50.2348
11,215743,0,0,109,69.3041,50.246
11,215743,0,0,110,69.2936,50.3034
11,215743,0,0,111,69.245,50.3
11,215743,0,0,112,69.2662,50.3583
11,215743,0,0,113,69.3722,50.3876
11,215743,0,0,114,69.4212,50.3336
11,215743,0,0,115,69.4471,50.377
11,215743,0,0,116,69.4855,50.3615
11,215743,0,0,117,69.5188,50.2952
11,215743,0,0,118,69.6007,50.2824
11,215743,0,0,119,69.6013,50.1976
11,215743,0,0,120,69.6984,50.1901
11,215743,0,0,121,69.722,50.2013
11,215743,0,0,122,69.7392,50.1956
11,215743,0,0,123,70.07,50.2561
11,215743,0,0,124,70.0958,50.2286
11,215743,0,0,125,70.0979,50.2161
11,215743,0,0,126,70.0838,50.2022
11,215743,0,0,127,70.1166,50.2004
11,215743,0,0,128,70.1439,50.2167
11,215743,0,0,129,70.1732,50.1987
11,215743,0,0,130,70.1646,50.1855
11,215743,0,0,131,70.1514,50.1829
11,215743,0,0,132,70.1447,50.1704
11,215743,0,0,133,70.1492,50.1548
11,215743,0,0,134,70.1329,50.1456
11,215743,0,0,135,70.1324,50.126
11,215743,0,0,136,70.1143,50.1091
11,215743,0,0,137,70.1389,50.0807
11,215743,0,0,138,70.113,50.0697
11,215743,0,0,139,70.1152,50.0554
11,215743,0,0,140,70.1227,50.0454
11,215743,0,0,141,70.1457,50.0392
11,215743,0,0,142,70.178,50.041
11,215743,0,0,143,70.2074,50.0531
11,215743,0,0,144,70.2252,50.0473
11,215743,0,0,145,70.2794,50.0626
11,215743,0,0,146,70.2989,50.0601
11,215743,0,0,147,70.3202,50.0734
11,215743,0,0,148,70.3375,50.0696
11,215743,0,0,149,70.3502,50.0842
11,215743,0,0,150,70.4384,50.0968
11,215743,0,0,151,70.5278,50.1332
11,215743,0,0,152,70.5483,50.149
11,215743,0,0,153,70.4753,50.2347
11,215743,0,0,154,70.6268,50.2879
11,215743,0,0,155,70.6488,50.2928
11,215743,0,0,156,70.6721,50.285
11,215743,0,0,157,70.73,50.2312
11,215743,0,0,158,70.7506,50.2502
11,215743,0,0,159,70.77,50.3922
11,215743,0,0,160,70.7695,50.4413
11,215743,0,0,161,70.7956,50.4405
11,215743,0,0,162,70.8237,50.4509
11,215743,0,0,163,70.8426,50.4606
11,215743,0,0,164,70.8537,50.477
11,215743,0,0,165,70.9487,50.4716
11,215743,0,0,166,71.0639,50.5075
11,215743,0,0,167,71.0584,50.5568
11,215743,0,0,168,71.1274,50.6092
11,215743,0,0,169,71.2116,50.6063
11,215743,0,0,170,71.2288,50.6517
11,215743,0,0,171,71.3314,50.6516
11,215743,0,0,172,71.3281,50.6752
11,215743,0,0,173,71.3402,50.7014
11,215743,0,0,174,71.3354,50.7218
11,215743,0,0,175,71.4074,50.7501
11,215743,0,0,176,71.414,50.7456
11,215743,0,0,177,71.4761,50.7601
11,215743,0,0,178,71.5268,50.7936
11,215743,0,0,179,71.5411,50.7918
11,215743,0,0,180,71.5554,50.7733
11,215743,0,0,181,71.6515,50.7889
11,215743,0,0,182,71.6585,50.7549
11,215743,0,0,183,71.7136,50.7467
11,215743,0,0,184,71.7357,50.7543
11,215743,0,0,185,71.7951,50.6938
11,215743,0,0,186,71.8177,50.7027
11,215743,0,0,187,71.8366,50.6827
11,215743,0,0,188,71.821,50.6633
11,215743,0,0,189,71.7926,50.6525
11,215743,0,0,190,71.7591,50.6265
11,215743,0,0,191,71.8015,50.61
11,215743,0,0,192,71.8164,50.5893
11,215743,0,0,193,71.787,50.5557
11,215743,0,0,194,71.773,50.49
11,215743,0,0,195,71.7102,50.4291
11,215743,0,0,196,71.7997,50.4241
11,215743,0,0,197,71.8086,50.4651
11,215743,0,0,198,72.0117,50.4669
11,215743,0,0,199,72.059,50.445
11,215743,0,0,200,72.1021,50.413
11,215743,0,0,201,72.1228,50.4095
11,215743,0,0,202,72.1171,50.4453
11,215743,0,0,203,72.2028,50.4552
11,215743,0,0,204,72.1944,50.4564
11,215743,0,0,205,72.17,50.5393
11,215743,0,0,206,72.2362,50.5619
11,215743,0,0,207,72.2668,50.5937
11,215743,0,0,208,72.379,50.5561
11,215743,0,0,209,72.4458,50.5649
11,215743,0,0,210,72.4787,50.608
11,215743,0,0,211,72.4033,50.6566
11,215743,0,0,212,72.3992,50.6778
11,215743,0,0,213,72.4817,50.7402
11,215743,0,0,214,72.4949,50.7442
11,215743,0,0,215,72.5192,50.7116
11,215743,0,0,216,72.5245,50.7345
11,215743,0,0,217,72.6624,50.7496
11,215743,0,0,218,72.7169,50.8186
11,215743,0,0,219,72.7218,50.8356
11,215743,0,0,220,72.7524,50.8457
11,215743,0,0,221,72.7924,50.8874
11,215743,0,0,222,72.9796,50.8617
11,215743,0,0,223,73.0051,50.8831
11,215743,0,0,224,73.1692,50.9216
11,215743,0,0,225,73.1704,50.9934
11,215743,0,0,226,73.3987,51.0251
11,215743,0,0,227,73.4433,51.057
11,215743,0,0,228,73.4767,51.066
11,215743,0,0,229,73.5032,51.0957
11,215743,0,0,230,73.5256,51.0969
11,215743,0,0,231,73.545,51.1135
11,215743,0,0,232,73.5789,51.1211
11,215743,0,0,233,73.4368,51.1788
11,215743,0,0,234,73.388,51.1601
11,215743,0,0,235,73.3613,51.163
11,215743,0,0,236,73.347,51.125
11,215743,0,0,237,73.3201,51.1206
11,215743,0,0,238,73.3125,51.1514
11,215743,0,0,239,73.2809,51.1744
11,215743,0,0,240,73.2488,51.2315
11,215743,0,0,241,73.1967,51.2159
11,215743,0,0,242,73.1573,51.2759
11,215743,0,0,243,73.2036,51.288
11,215743,0,0,244,73.2241,51.3046
11,215743,0,0,245,73.267,51.2741
11,215743,0,0,246,73.3179,51.2728
11,215743,0,0,247,73.36,51.2847
11,215743,0,0,248,73.3614,51.2972
11,215743,0,0,249,73.3922,51.3037
11,215743,0,0,250,73.428,51.2556
11,215743,0,0,251,73.4396,51.2968
11,215743,0,0,252,73.4732,51.3096
11,215743,0,0,253,73.534,51.3078
11,215743,0,0,254,73.6684,51.2792
11,215743,0,0,255,73.6833,51.2935
11,215743,0,0,256,73.6879,51.3245
11,215743,0,0,257,73.6982,51.3398
11,215743,0,0,258,73.7188,51.3472
11,215743,0,0,259,73.7258,51.3625
11,215743,0,0,260,73.7845,51.3749
11,215743,0,0,261,73.7842,51.3829
11,215743,0,0,262,73.7978,51.381
11,215743,0,0,263,73.8017,51.3917
11,215743,0,0,264,73.8177,51.3953
11,215743,0,0,265,73.8047,51.4222
11,215743,0,0,266,73.8111,51.4388
11,215743,0,0,267,73.9856,51.5014
11,215743,0,0,268,74.1343,51.5132
11,215743,0,0,269,74.1635,51.5302
11,215743,0,0,270,74.2617,51.5241
11,215743,0,0,271,74.2506,51.5629
11,215743,0,0,272,74.0994,51.5947
11,215743,0,0,273,74.0369,51.5989
11,215743,0,0,274,74.0076,51.6425
11,215743,0,0,275,73.9094,51.6285
11,215743,0,0,276,73.793,51.6228
11,215743,0,0,277,73.778,51.628
11,215743,0,0,278,73.7872,51.6517
11,215743,0,0,279,73.7994,51.6548
11,215743,0,0,280,73.8051,51.6656
11,215743,0,0,281,73.7865,51.6884
11,215743,0,0,282,73.7937,51.6988
11,215743,0,0,283,73.7866,51.7038
11,215743,0,0,284,73.7959,51.7193
11,215743,0,0,285,73.7917,51.7292
11,215743,0,0,286,73.8009,51.7382
11,215743,0,0,287,73.7984,51.7525
11,215743,0,0,288,73.8143,51.7664
11,215743,0,0,289,73.8159,51.7886
11,215743,0,0,290,73.8219,51.7906
11,215743,0,0,291,73.8093,51.796
11,215743,0,0,292,73.8099,51.8043
11,215743,0,0,293,73.8268,51.8152
11,215743,0,0,294,73.8366,51.8063
11,215743,0,0,295,73.9049,51.8503
11,215743,0,0,296,73.9331,51.8777
11,215743,0,0,297,73.9672,51.8929
11,215743,0,0,298,74.0291,51.8911
11,215743,0,0,299,74.0313,51.9318
11,215743,0,0,300,74.0003,51.9323
11,215743,0,0,301,73.9993,52.5438
11,215743,0,0,302,73.9207,52.544
11,215743,0,0,303,73.9208,52.5932
11,215743,0,0,304,73.5294,52.6027
11,215743,0,0,305,73.4914,52.6659
11,215743,0,0,306,73.4301,52.6557
11,215743,0,0,307,73.3916,52.6995
11,215743,0,0,308,73.3216,52.7095
11,215743,0,0,309,73.2468,52.7045
11,215743,0,0,310,73.2076,52.7176
11,215743,0,0,311,73.1181,52.7301
11,215743,0,0,312,73.0646,52.7493
11,215743,0,0,313,72.9111,52.7141
11,215743,0,0,314,72.9313,52.9226
11,215743,0,0,315,72.8969,52.933
11,215743,0,0,316,72.878,53.0107
11,215743,0,0,317,72.8677,53.0181
11,215743,0,0,318,72.811,53.0209
11,215743,0,0,319,72.7841,53.0139
11,215743,0,0,320,72.7649,53.0199
11,215743,0,0,321,72.7242,53.006
11,215743,0,0,322,72.6552,53.0132
11,215743,0,0,323,72.538,52.984
11,215743,0,0,324,72.4502,52.978
11,215743,0,0,325,72.2016,53.0129
11,215743,0,0,326,72.2034,52.8921
11,215743,0,0,327,72.1049,52.8651
11,215743,0,0,328,71.9155,52.8542
11,215743,0,0,329,71.8111,52.9015
11,215743,0,0,330,71.7982,52.8963
11,215743,0,0,331,71.7727,52.9145
11,215743,0,0,332,71.7619,52.9413
11,215743,0,0,333,71.7787,52.9826
11,215743,0,0,334,71.7426,52.9787
11,215743,0,0,335,71.6684,52.9463
11,215743,0,0,336,71.6229,53.0307
11,215743,0,0,337,71.606,53.0422
11,215743,0,0,338,71.7193,53.0762
11,215743,0,0,339,71.6958,53.1348
11,215743,0,0,340,71.7387,53.2127
11,215743,0,0,341,71.6714,53.2934
11,215743,0,0,342,71.6319,53.3081
11,215743,0,0,343,71.6052,53.4021
11,215743,0,0,344,71.5745,53.4214
11,215743,0,0,345,71.5487,53.4182
11,215743,0,0,346,71.5105,53.3979
11,215743,0,0,347,71.4303,53.3848
11,215743,0,0,348,71.404,53.3705
11,215743,0,0,349,71.4033,53.3602
11,215743,0,0,350,71.3841,53.3475
11,215743,0,0,351,71.3174,53.3264
11,215743,0,0,352,71.2915,53.3267
11,215743,0,0,353,71.2441,53.3045
11,215743,0,0,354,71.1859,53.3171
11,215743,0,0,355,71.1455,53.3163
11,215743,0,0,356,71.1458,53.3286
11,215743,0,0,357,71.0117,53.331
11,215743,0,0,358,71.0626,53.4218
11,215743,0,0,359,71.0228,53.421
11,215743,0,0,360,71.0229,53.428
11,215743,0,0,361,70.5829,53.4305
11,215743,0,0,362,70.5837,53.3341
11,215743,0,0,363,70.4471,53.3221
11,215743,0,0,364,70.4547,53.2339
11,215743,0,0,365,70.3666,53.2199
11,215743,0,0,366,70.3197,53.2269
11,215743,0,0,367,70.3171,53.2506
11,215743,0,0,368,70.2959,53.2916
11,215743,0,0,369,70.2289,53.3674
11,215743,0,0,370,70.2092,53.3679
11,215743,0,0,371,70.209,53.3589
11,215743,0,0,372,69.9964,53.3628
11,215743,0,0,373,70.0132,53.38
11,215743,0,0,374,70.0084,53.4188
11,215743,0,0,375,70.0701,53.4343
11,215743,0,0,376,70.0732,53.5082
11,215743,0,0,377,70.0152,53.5096
11,215743,0,0,378,69.9782,53.523
11,215743,0,0,379,69.9108,53.5203
11,215743,0,0,380,69.8742,53.53
11,215743,0,0,381,69.8709,53.5196
11,215743,0,0,382,69.8392,53.5193
11,215743,0,0,383,69.8401,53.6327
11,215743,0,0,384,69.8022,53.6324
11,215743,0,0,385,69.802,53.6683
11,215743,0,0,386,69.6808,53.6681
11,215743,0,0,387,69.6808,53.6772
11,215743,0,0,388,69.6486,53.6785
11,215743,0,0,389,69.6453,53.6844
11,215743,0,0,390,69.6362,53.6777
11,215743,0,0,391,69.5456,53.6793
11,215743,0,0,392,69.5448,53.6493
11,215743,0,0,393,69.483,53.6497
11,215743,0,0,394,69.478,53.6354
11,215743,0,0,395,69.4383,53.6349
11,215743,0,0,396,69.4266,53.6027
11,215743,0,0,397,69.3794,53.5985
11,215743,0,0,398,69.3798,53.5726
11,215743,0,0,399,69.4102,53.5722
11,215743,0,0,400,69.4108,53.5511
11,215743,0,0,401,69.4277,53.5508
11,215743,0,0,402,69.4183,53.5276
11,215743,0,0,403,69.3047,53.5077
11,215743,0,0,404,69.3047,53.5574
11,215743,0,0,405,69.2706,53.5559
11,215743,0,0,406,69.2701,53.5695
11,215743,0,0,407,69.2399,53.5695
11,215743,0,0,408,69.2397,53.5964
11,215743,0,0,409,69.1346,53.5968
11,215743,0,0,410,69.1348,53.6773
11,215743,0,0,411,69.0285,53.6768
11,215743,0,0,412,69.0284,53.6151
11,215743,0,0,413,68.8907,53.6149
11,215743,0,0,414,68.8988,53.6443
11,215743,0,0,415,68.8171,53.6479
11,215743,0,0,416,68.8165,53.6356
11,215743,0,0,417,68.7307,53.6419
11,215743,0,0,418,68.7352,53.6099
11,215743,0,0,419,68.7546,53.5955
11,215743,0,0,420,68.7496,53.58
11,215743,0,0,421,68.7698,53.5678
11,215743,0,0,422,68.7617,53.5537
11,215743,0,0,423,68.651,53.5517
11,215743,0,0,424,68.6551,53.5261
11,215743,0,0,425,68.6493,53.5043
11,215743,0,0,426,68.6039,53.5092
11,215743,0,0,427,68.5838,53.4817
11,215743,0,0,428,68.5626,53.485
11,215743,0,0,429,68.5603,53.4642
11,215743,0,0,430,68.5304,53.4625
11,215743,0,0,431,68.503,53.4748
11,215743,0,0,432,68.48,53.4612
11,215743,0,0,433,68.506,53.4081
11,215743,0,0,434,68.4998,53.3934
11,215743,0,0,435,68.5181,53.38
11,215743,0,0,436,68.5284,53.3269
11,215743,0,0,437,68.5483,53.3276
11,215743,0,0,438,68.5464,53.318
11,215743,0,0,439,68.5561,53.3069
11,215743,0,0,440,68.5814,53.3004
11,215743,0,0,441,68.5789,53.2723
11,215743,0,0,442,68.6415,53.2754
11,215743,0,0,443,68.7061,53.2666
11,215743,0,0,444,68.6966,53.2097
11,215743,0,0,445,68.7278,53.2069
11,215743,0,0,446,68.726,53.1966
11,215743,0,0,447,68.7513,53.1957
11,215743,0,0,448,68.7417,53.1259
11,215743,0,0,449,68.701,53.1156
11,215743,0,0,450,68.7357,53.0939
11,215743,0,0,451,68.7835,53.0915
11,215743,0,0,452,68.7414,53.0311
11,215743,0,0,453,68.6272,52.9831
11,215743,0,0,454,68.6201,52.9705
11,215743,0,0,455,68.6663,52.8695
11,215743,0,0,456,68.6405,52.8627
11,215743,0,0,457,68.6869,52.828
11,215743,0,0,458,68.6749,52.7952
11,215743,0,0,459,68.6563,52.7919
11,215743,0,0,460,68.6306,52.8012
11,215743,0,0,461,68.5933,52.7841
11,215743,0,0,462,68.5621,52.7823
11,215743,0,0,463,68.5379,52.7379
11,215743,0,0,464,68.5035,52.7389
11,215743,0,0,465,68.4914,52.7569
11,215743,0,0,466,68.452,52.7333
11,215743,0,0,467,68.4023,52.717
11,215743,0,0,468,68.4148,52.7077
11,215743,0,0,469,68.3926,52.6564
11,215743,0,0,470,68.3599,52.6572
11,215743,0,0,471,68.338,52.6058
11,215743,0,0,472,68.2281,52.6067
11,215743,0,0,473,68.1614,52.594
11,215743,0,0,474,68.1389,52.5451
11,215743,0,0,475,67.9894,52.5444
11,215743,0,0,476,67.995,52.4836
11,215743,0,0,477,68.0384,52.4838
11,215743,0,0,478,68.0498,52.461
11,215743,0,0,479,67.9944,52.402
11,215743,0,0,480,67.9995,52.3798
11,215743,0,0,481,67.967,52.3624
11,215743,0,0,482,67.9815,52.3558
11,215743,0,0,483,67.9769,52.3517
11,215743,0,0,484,67.913,52.3768
11,215743,0,0,485,67.8795,52.3371
11,215743,0,0,486,67.9037,52.3264
11,215743,0,0,487,67.8591,52.274
11,215743,0,0,488,67.7319,52.3472
11,215743,0,0,489,67.6939,52.3594
11,215743,0,0,490,67.5956,52.3727
11,215743,0,0,491,67.5375,52.4268
11,215743,0,0,492,67.2976,52.4283
11,215743,0,0,493,67.2959,52.2582
11,215743,0,0,494,67.2894,52.2537
11,215743,0,0,495,67.296,52.2069
11,215743,0,0,496,67.0951,52.2558
11,215743,0,0,497,67.0564,52.244
11,215743,0,0,498,66.9845,52.2508
11,215743,0,0,499,66.9115,52.2434
11,215743,0,0,500,66.8308,52.26
11,215743,0,0,501,66.7811,52.2814
11,215743,0,0,502,66.6238,52.2737
11,215743,0,0,503,66.5414,52.2816
11,215743,0,0,504,66.5442,52.2933
11,215743,0,0,505,66.5643,52.3044
11,215743,0,0,506,66.5397,52.3686
11,215743,0,0,507,66.4887,52.3753
11,215743,0,0,508,66.3561,52.3606
11,215743,0,0,509,66.2402,52.3325
11,215743,0,0,510,66.0782,52.4517
11,215743,0,0,511,66.0069,52.4344
11,215743,0,0,512,65.9986,52.2046
11,215743,0,0,513,65.869,52.1409
11,215743,0,0,514,65.8546,52.0931
11,215743,0,0,515,65.8681,52.0827
11,215743,0,0,516,65.8497,52.0808
11,215743,0,0,517,65.8166,51.9938
11,215743,0,0,518,65.7685,51.9205
11,215743,0,0,519,65.7605,51.8724
11,215743,0,0,520,65.5178,51.7957
11,215743,0,0,521,65.3524,51.7935
11,215743,0,1,0,71.218,51.1108
11,215743,0,1,1,71.2289,51.1151
11,215743,0,1,2,71.2375,51.1325
11,215743,0,1,3,71.2362,51.1496
11,215743,0,1,4,71.2544,51.1582
11,215743,0,1,5,71.253,51.176
11,215743,0,1,6,71.2819,51.1794
11,215743,0,1,7,71.2709,51.1834
11,215743,0,1,8,71.2725,51.1891
11,215743,0,1,9,71.2514,51.1906
11,215743,0,1,10,71.2374,51.2085
11,215743,0,1,11,71.2603,51.2463
11,215743,0,1,12,71.3016,51.2332
11,215743,0,1,13,71.3349,51.2667
11,215743,0,1,14,71.3664,51.2712
11,215743,0,1,15,71.3556,51.2977
11,215743,0,1,16,71.3851,51.3023
11,215743,0,1,17,71.4,51.2673
11,215743,0,1,18,71.4504,51.2716
11,215743,0,1,19,71.4984,51.2901
11,215743,0,1,20,71.4717,51.2633
11,215743,0,1,21,71.5511,51.2431
11,215743,0,1,22,71.594,51.2775
11,215743,0,1,23,71.6186,51.2485
11,215743,0,1,24,71.5741,51.2204
11,215743,0,1,25,71.5833,51.2027
11,215743,0,1,26,71.6214,51.1882
11,215743,0,1,27,71.6452,51.1399
11,215743,0,1,28,71.6887,51.1404
11,215743,0,1,29,71.7147,51.1313
11,215743,0,1,30,71.7051,51.113
11,215743,0,1,31,71.742,51.1015
11,215743,0,1,32,71.7353,51.0967
11,215743,0,1,33,71.7245,51.1034
11,215743,0,1,34,71.6788,51.0854
11,215743,0,1,35,71.6149,51.0995
11,215743,0,1,36,71.5559,51.0489
11,215743,0,1,37,71.5397,51.0482
11,215743,0,1,38,71.5558,51.0154
11,215743,0,1,39,71.537,51.0069
11,215743,0,1,40,71.5372,50.9885
11,215743,0,1,41,71.5543,50.9683
11,215743,0,1,42,71.5469,50.9309
11,215743,0,1,43,71.4866,50.9308
11,215743,0,1,44,71.4827,50.9396
11,215743,0,1,45,71.4716,50.9377
11,215743,0,1,46,71.4606,50.9472
11,215743,0,1,47,71.4632,50.9585
11,215743,0,1,48,71.4509,50.9604
11,215743,0,1,49,71.4542,51.0009
11,215743,0,1,50,71.3184,51.0239
11,215743,0,1,51,71.286,51.0223
11,215743,0,1,52,71.255,51.049
11,215743,0,1,53,71.2555,51.0637
11,215743,0,1,54,71.218,51.1108
11,215743,0,2,0,71.2981,51.2728
11,215743,0,2,1,71.3079,51.2777
11,215743,0,2,2,71.3061,51.291
11,215743,0,2,3,71.3202,51.2954
11,215743,0,2,4,71.3362,51.2717
11,215743,0,2,5,71.3093,51.2638
11,215743,0,2,6,71.2981,51.2728
11,215743,0,3,0,71.3667,50.8669
11,215743,0,3,1,71.3733,50.8863
11,215743,0,3,2,71.4425,50.8771
11,215743,0,3,3,71.4362,50.8576
11,215743,0,3,4,71.3667,50.8669
11,215743,0,4,0,71.6415,51.3317
11,215743,0,4,1,71.6839,51.3509
11,215743,0,4,2,71.7063,51.3476
11,215743,0,4,3,71.6719,51.3094
11,215743,0,4,4,71.6415,51.3317
11,215743,0,5,0,71.7404,51.1661
11,215743,0,5,1,71.7851,51.1656
11,215743,0,5,2,71.7852,51.1573
11,215743,0,5,3,71.7661,51.1447
11,215743,0,5,4,71.7404,51.1661
15,215683,0,0,0,53.6109,49.5291
15,215683,0,0,1,53.6228,49.4806
15,215683,0,0,2,53.6876,49.4676
15,215683,0,0,3,53.6583,49.4142
15,215683,0,0,4,53.6442,49.3318
15,215683,0,0,5,53.6232,49.2775
15,215683,0,0,6,53.6257,49.2328
15,215683,0,0,7,53.6505,49.1981
15,215683,0,0,8,53.7443,49.158
15,215683,0,0,9,53.8268,49.1429
15,215683,0,0,10,53.8137,49.1239
15,215683,0,0,11,53.8696,49.0986
15,215683,0,0,12,53.8923,49.1162
15,215683,0,0,13,53.9054,49.1624
15,215683,0,0,14,53.9876,49.1744
15,215683,0,0,15,53.9965,49.15
15,215683,0,0,16,53.9898,49.0936
15,215683,0,0,17,54.0113,49.0508
15,215683,0,0,18,53.9906,49.0035
15,215683,0,0,19,54.0243,48.9568
15,215683,0,0,20,54.0118,48.8819
15,215683,0,0,21,54.0435,48.8074
15,215683,0,0,22,54.027,48.7628
15,215683,0,0,23,54.1551,48.7355
15,215683,0,0,24,54.1761,48.7243
15,215683,0,0,25,54.3026,48.7031
15,215683,0,0,26,54.3552,48.6791
15,215683,0,0,27,54.4503,48.6525
15,215683,0,0,28,54.4603,48.6419
15,215683,0,0,29,54.542,48.6401
15,215683,0,0,30,54.578,48.7119
15,215683,0,0,31,54.5788,48.7793
15,215683,0,0,32,54.635,48.7706
15,215683,0,0,33,54.6568,48.7999
15,215683,0,0,34,54.6839,48.8004
15,215683,0,0,35,54.7382,48.7745
15,215683,0,0,36,54.7533,48.7415
15,215683,0,0,37,54.9123,48.7094
15,215683,0,0,38,54.9321,48.5603
15,215683,0,0,39,54.9187,48.5546
15,215683,0,0,40,54.904,48.4834
15,215683,0,0,41,54.8882,48.475
15,215683,0,0,42,54.8967,48.4644
15,215683,0,0,43,54.8792,48.3653
15,215683,0,0,44,54.9193,48.3065
15,215683,0,0,45,54.9707,48.2705
15,215683,0,0,46,54.9475,48.24
15,215683,0,0,47,54.9455,48.1925
15,215683,0,0,48,54.9546,48.1676
15,215683,0,0,49,54.9386,48.0972
15,215683,0,0,50,55.0294,48.0299
15,215683,0,0,51,55.0991,47.9563
15,215683,0,0,52,55.1051,47.8647
15,215683,0,0,53,55.1214,47.7961
15,215683,0,0,54,55.0919,47.7268
15,215683,0,0,55,55.0658,47.5893
15,215683,0,0,56,55.0743,47.5545
15,215683,0,0,57,55.0682,47.4539
15,215683,0,0,58,55.0412,47.4307
15,215683,0,0,59,55.0258,47.3744
15,215683,0,0,60,55.002,47.2024
15,215683,0,0,61,55.1198,47.0643
15,215683,0,0,62,55.1248,47.0304
15,215683,0,0,63,55.1945,46.9516
15,215683,0,0,64,55.2329,46.8738
15,215683,0,0,65,55.4504,46.726
15,215683,0,0,66,55.7382,46.6289
15,215683,0,0,67,55.9531,46.593
15,215683,0,0,68,56.2875,46.5134
15,215683,0,0,69,56.3156,46.3761
15,215683,0,0,70,56.4406,46.2403
15,215683,0,0,71,56.4424,46.203
15,215683,0,0,72,56.4648,46.1763
15,215683,0,0,73,56.4718,46.1491
15,215683,0,0,74,56.4666,46.1322
15,215683,0,0,75,56.5165,46.0974
15,215683,0,0,76,56.5525,46.0059
15,215683,0,0,77,56.6058,45.9261
15,215683,0,0,78,56.6448,45.6669
15,215683,0,0,79,56.6594,45.6529
15,215683,0,0,80,56.7441,45.1774
15,215683,0,0,81,58.5879,45.5907
15,215683,0,0,82,58.9903,45.3694
15,215683,0,0,83,59.0973,45.3218
15,215683,0,0,84,59.0306,46.007
15,215683,0,0,85,59.1118,46.053
15,215683,0,0,86,59.5614,46.5
15,215683,0,0,87,59.7693,46.6625
15,215683,0,0,88,60.1296,46.8949
15,215683,0,0,89,60.3273,46.9132
15,215683,0,0,90,60.4744,46.9108
15,215683,0,0,91,60.495,47.1218
15,215683,0,0,92,60.7025,47.1041
15,215683,0,0,93,60.9235,47.1103
15,215683,0,0,94,61.001,47.2347
15,215683,0,0,95,61.3142,47.7901
15,215683,0,0,96,61.3598,47.8188
15,215683,0,0,97,61.9249,47.8277
15,215683,0,0,98,62.0758,47.7233
15,215683,0,0,99,62.2125,47.5456
15,215683,0,0,100,62.3326,47.5311
15,215683,0,0,101,62.6057,47.3284
15,215683,0,0,102,62.5812,47.2423
15,215683,0,0,103,62.8602,47.2147
15,215683,0,0,104,62.8901,47.1773
15,215683,0,0,105,62.9501,47.1908
15,215683,0,0,106,63.1457,47.2965
15,215683,0,0,107,63.2037,47.3333
15,215683,0,0,108,63.2255,47.3607
15,215683,0,0,109,63.5265,47.4808
15,215683,0,0,110,63.9659,47.6928
15,215683,0,0,111,64.0147,47.7032
15,215683,0,0,112,64.2772,47.8995
15,215683,0,0,113,64.2154,47.9241
15,215683,0,0,114,64.1201,48.0023
15,215683,0,0,115,64.0161,48.1703
15,215683,0,0,116,63.903,48.2975
15,215683,0,0,117,63.8445,48.3855
15,215683,0,0,118,63.7708,48.454
15,215683,0,0,119,63.5857,48.5343
15,215683,0,0,120,63.4673,48.5638
15,215683,0,0,121,63.4168,48.6018
15,215683,0,0,122,63.0787,48.6824
15,215683,0,0,123,63.0493,48.7581
15,215683,0,0,124,63.1255,48.8356
15,215683,0,0,125,63.1302,48.8634
15,215683,0,0,126,63.0204,48.9294
15,215683,0,0,127,62.9532,48.8899
15,215683,0,0,128,62.8454,48.8488
15,215683,0,0,129,62.7278,48.926
15,215683,0,0,130,62.5842,48.9943
15,215683,0,0,131,62.5488,49.0181
15,215683,0,0,132,62.4458,49.1982
15,215683,0,0,133,62.3614,49.2008
15,215683,0,0,134,62.3761,49.2356
15,215683,0,0,135,62.4963,49.2438
15,215683,0,0,136,62.5213,49.2376
15,215683,0,0,137,62.5475,49.2533
15,215683,0,0,138,62.4507,49.372
15,215683,0,0,139,62.3386,49.4775
15,215683,0,0,140,62.3048,49.4973
15,215683,0,0,141,62.3673,49.5778
15,215683,0,0,142,62.4337,49.557
15,215683,0,0,143,62.4732,49.5621
15,215683,0,0,144,62.4508,49.5802
15,215683,0,0,145,62.4521,49.625
15,215683,0,0,146,62.438,49.6837
15,215683,0,0,147,62.5551,49.7353
15,215683,0,0,148,62.5963,49.8065
15,215683,0,0,149,62.5987,49.8625
15,215683,0,0,150,62.6377,49.8854
15,215683,0,0,151,62.6583,49.9085
15,215683,0,0,152,62.7396,49.9402
15,215683,0,0,153,62.7907,49.9369
15,215683,0,0,154,62.8965,49.8827
15,215683,0,0,155,62.9045,49.8875
15,215683,0,0,156,62.926,49.8818
15,215683,0,0,157,62.936,49.8908
15,215683,0,0,158,62.9228,49.8999
15,215683,0,0,159,62.9319,49.9061
15,215683,0,0,160,62.9105,49.9164
15,215683,0,0,161,62.9253,49.9332
15,215683,0,0,162,62.9205,49.9402
15,215683,0,0,163,62.9485,49.9551
15,215683,0,0,164,62.9404,49.9881
15,215683,0,0,165,62.953,49.9974
15,215683,0,0,166,62.9259,50.019
15,215683,0,0,167,62.9163,50.0185
15,215683,0,0,168,62.9102,50.0331
15,215683,0,0,169,62.891,50.0386
15,215683,0,0,170,62.8912,50.0578
15,215683,0,0,171,62.8809,50.0619
15,215683,0,0,172,62.8847,50.076
15,215683,0,0,173,62.8757,50.0796
15,215683,0,0,174,62.8852,50.0921
15,215683,0,0,175,62.8596,50.1023
15,215683,0,0,176,62.8566,50.1132
15,215683,0,0,177,62.8422,50.1201
15,215683,0,0,178,62.8473,50.1277
15,215683,0,0,179,62.8318,50.1362
15,215683,0,0,180,62.8352,50.1441
15,215683,0,0,181,62.8225,50.1514
15,215683,0,0,182,62.8211,50.1653
15,215683,0,0,183,62.8005,50.1722
15,215683,0,0,184,62.7976,50.163
15,215683,0,0,185,62.7821,50.1773
15,215683,0,0,186,62.7917,50.1886
15,215683,0,0,187,62.7586,50.1962
15,215683,0,0,188,62.7367,50.2121
15,215683,0,0,189,62.7403,50.2172
15,215683,0,0,190,62.7213,50.2371
15,215683,0,0,191,62.7351,50.2505
15,215683,0,0,192,62.7346,50.2649
15,215683,0,0,193,62.7089,50.29
15,215683,0,0,194,62.6883,50.2962
15,215683,0,0,195,62.6948,50.3002
15,215683,0,0,196,62.6905,50.3074
15,215683,0,0,197,62.6678,50.3098
15,215683,0,0,198,62.6634,50.3376
15,215683,0,0,199,62.6389,50.3513
15,215683,0,0,200,62.6432,50.3754
15,215683,0,0,201,62.6347,50.3856
15,215683,0,0,202,62.5576,50.4163
15,215683,0,0,203,62.5509,50.4437
15,215683,0,0,204,62.507,50.4779
15,215683,0,0,205,62.501,50.5008
15,215683,0,0,206,62.5285,50.5156
15,215683,0,0,207,62.4946,50.5562
15,215683,0,0,208,62.497,50.5907
15,215683,0,0,209,62.4398,50.6887
15,215683,0,0,210,62.2669,50.6415
15,215683,0,0,211,62.2295,50.676
15,215683,0,0,212,62.2765,50.7218
15,215683,0,0,213,62.2633,50.7561
15,215683,0,0,214,62.2357,50.7856
15,215683,0,0,215,62.2218,50.8136
15,215683,0,0,216,62.2765,50.8016
15,215683,0,0,217,62.3115,50.8414
15,215683,0,0,218,62.4303,50.8528
15,215683,0,0,219,62.2286,50.9784
15,215683,0,0,220,62.2085,51.013
15,215683,0,0,221,62.2756,51.0412
15,215683,0,0,222,62.283,51.0802
15,215683,0,0,223,62.1811,51.1294
15,215683,0,0,224,62.1312,51.1388
15,215683,0,0,225,62.081,51.1113
15,215683,0,0,226,62.0733,51.0731
15,215683,0,0,227,61.9947,51.0893
15,215683,0,0,228,61.9977,51.1084
15,215683,0,0,229,61.9519,51.1412
15,215683,0,0,230,61.9421,51.1609
15,215683,0,0,231,61.9137,51.2625
15,215683,0,0,232,61.8522,51.3171
15,215683,0,0,233,61.7871,51.2691
15,215683,0,0,234,61.5681,51.2378
15,215683,0,0,235,61.449,50.8061
15,215683,0,0,236,60.809,50.6566
15,215683,0,0,237,60.7408,50.6655
15,215683,0,0,238,60.5574,50.6611
15,215683,0,0,239,60.3252,50.6703
15,215683,0,0,240,60.1828,50.7784
15,215683,0,0,241,60.2166,50.8127
15,215683,0,0,242,60.1879,50.8386
15,215683,0,0,243,60.146,50.84
15,215683,0,0,244,60.1364,50.8311
15,215683,0,0,245,60.0715,50.8221
15,215683,0,0,246,60.0149,50.8221
15,215683,0,0,247,59.9727,50.7687
15,215683,0,0,248,59.9975,50.6748
15,215683,0,0,249,59.9062,50.6339
15,215683,0,0,250,59.862,50.5989
15,215683,0,0,251,59.8132,50.5355
15,215683,0,0,252,59.7761,50.541
15,215683,0,0,253,59.6153,50.5308
15,215683,0,0,254,59.5095,50.4953
15,215683,0,0,255,59.5167,50.5283
15,215683,0,0,256,59.4572,50.5437
15,215683,0,0,257,59.4676,50.5688
15,215683,0,0,258,59.4629,50.5843
15,215683,0,0,259,59.5688,50.5735
15,215683,0,0,260,59.5694,50.5817
15,215683,0,0,261,59.5377,50.6089
15,215683,0,0,262,59.5026,50.6122
15,215683,0,0,263,59.4793,50.6415
15,215683,0,0,264,59.451,50.6456
15,215683,0,0,265,59.4169,50.6368
15,215683,0,0,266,59.2984,50.653
15,215683,0,0,267,59.2786,50.6336
15,215683,0,0,268,59.2342,50.6642
15,215683,0,0,269,59.1931,50.6727
15,215683,0,0,270,59.1617,50.6681
15,215683,0,0,271,59.1139,50.6831
15,215683,0,0,272,59.0886,50.6771
15,215683,0,0,273,59.0419,50.6898
15,215683,0,0,274,58.8743,50.6998
15,215683,0,0,275,58.878,50.7077
15,215683,0,0,276,58.8477,50.7271
15,215683,0,0,277,58.847,50.7557
15,215683,0,0,278,58.8173,50.7686
15,215683,0,0,279,58.7744,50.8147
15,215683,0,0,280,58.6564,50.8086
15,215683,0,0,281,58.6636,50.8416
15,215683,0,0,282,58.6965,50.8482
15,215683,0,0,283,58.6882,50.8856
15,215683,0,0,284,58.5936,50.8693
15,215683,0,0,285,58.5786,50.9398
15,215683,0,0,286,58.6045,50.9469
15,215683,0,0,287,58.5942,50.9714
15,215683,0,0,288,58.6423,50.9875
15,215683,0,0,289,58.6125,51.0268
15,215683,0,0,290,58.6181,51.0315
15,215683,0,0,291,58.6142,51.0474
15,215683,0,0,292,58.487,51.0913
15,215683,0,0,293,58.4623,51.0802
15,215683,0,0,294,58.384,51.0749
15,215683,0,0,295,58.3734,51.1106
15,215683,0,0,296,58.3605,51.1098
15,215683,0,0,297,58.3589,51.1229
15,215683,0,0,298,58.342,51.1282
15,215683,0,0,299,58.3356,51.136
15,215683,0,0,300,58.3405,51.1457
15,215683,0,0,301,58.321,51.1623
15,215683,0,0,302,58.3147,51.1511
15,215683,0,0,303,58.3072,51.1579
15,215683,0,0,304,58.2926,51.1521
15,215683,0,0,305,58.2884,51.1598
15,215683,0,0,306,58.2792,51.1452
15,215683,0,0,307,58.2669,51.1538
15,215683,0,0,308,58.2654,51.143
15,215683,0,0,309,58.2464,51.1454
15,215683,0,0,310,58.2352,51.1345
15,215683,0,0,311,58.203,51.1282
15,215683,0,0,312,58.2189,51.1094
15,215683,0,0,313,58.216,51.0967
15,215683,0,0,314,58.2077,51.0885
15,215683,0,0,315,58.1713,51.0846
15,215683,0,0,316,58.1776,51.0675
15,215683,0,0,317,58.1685,51.0623
15,215683,0,0,318,58.0943,51.0736
15,215683,0,0,319,58.0807,51.085
15,215683,0,0,320,58.0905,51.1049
15,215683,0,0,321,58.088,51.1212
15,215683,0,0,322,58.0353,51.1094
15,215683,0,0,323,58.0205,51.095
15,215683,0,0,324,57.9487,51.0863
15,215683,0,0,325,57.919,51.1181
15,215683,0,0,326,57.8691,51.099
15,215683,0,0,327,57.8479,51.1124
15,215683,0,0,328,57.8292,51.1132
15,215683,0,0,329,57.8114,51.1392
15,215683,0,0,330,57.7719,51.1384
15,215683,0,0,331,57.754,51.0558
15,215683,0,0,332,57.7514,50.9397
15,215683,0,0,333,57.7618,50.9202
15,215683,0,0,334,57.7268,50.9276
15,215683,0,0,335,57.687,50.917
15,215683,0,0,336,57.6863,50.9276
15,215683,0,0,337,57.5591,50.9359
15,215683,0,0,338,57.5272,50.9164
15,215683,0,0,339,57.5185,50.9047
15,215683,0,0,340,57.5248,50.8999
15,215683,0,0,341,57.507,50.8758
15,215683,0,0,342,57.415,50.8965
15,215683,0,0,343,57.326,50.9416
15,215683,0,0,344,57.3211,50.9714
15,215683,0,0,345,57.3075,50.9775
15,215683,0,0,346,57.3144,50.9887
15,215683,0,0,347,57.2877,51.0039
15,215683,0,0,348,57.2953,51.0066
15,215683,0,0,349,57.2851,51.018
15,215683,0,0,350,57.2894,51.0378
15,215683,0,0,351,57.2434,51.026
15,215683,0,0,352,57.2193,51.0389
15,215683,0,0,353,57.2325,51.047
15,215683,0,0,354,57.2055,51.0731
15,215683,0,0,355,57.1848,51.115
15,215683,0,0,356,57.1441,51.0991
15,215683,0,0,357,57.1463,51.0877
15,215683,0,0,358,56.9844,51.0626
15,215683,0,0,359,56.9428,51.0875
15,215683,0,0,360,56.8875,51.0603
15,215683,0,0,361,56.7855,51.0936
15,215683,0,0,362,56.7361,51.078
15,215683,0,0,363,56.7044,51.0775
15,215683,0,0,364,56.6997,51.075
15,215683,0,0,365,56.7121,51.0483
15,215683,0,0,366,56.7512,50.981
15,215683,0,0,367,56.7126,50.9707
15,215683,0,0,368,56.7018,50.9727
15,215683,0,0,369,56.7011,50.9825
15,215683,0,0,370,56.6781,50.9881
15,215683,0,0,371,56.6183,50.9865
15,215683,0,0,372,56.6166,50.9982
15,215683,0,0,373,56.5743,51.0345
15,215683,0,0,374,56.5377,51.0449
15,215683,0,0,375,56.5247,51.0632
15,215683,0,0,376,56.5272,51.0718
15,215683,0,0,377,56.5104,51.079
15,215683,0,0,378,56.5137,51.0859
15,215683,0,0,379,56.4482,51.0569
15,215683,0,0,380,56.4604,50.9651
15,215683,0,0,381,56.3769,50.9654
15,215683,0,0,382,56.3717,50.9487
15,215683,0,0,383,56.3925,50.9455
15,215683,0,0,384,56.3613,50.9012
15,215683,0,0,385,56.2981,50.9019
15,215683,0,0,386,56.1813,50.9381
15,215683,0,0,387,56.1752,50.9031
15,215683,0,0,388,56.133,50.8306
15,215683,0,0,389,56.1245,50.7868
15,215683,0,0,390,56.1372,50.7536
15,215683,0,0,391,56.0307,50.6822
15,215683,0,0,392,55.9159,50.6414
15,215683,0,0,393,55.9012,50.6207
15,215683,0,0,394,55.83,50.6228
15,215683,0,0,395,55.7951,50.6067
15,215683,0,0,396,55.7774,50.5874
15,215683,0,0,397,55.7463,50.5793
15,215683,0,0,398,55.7357,50.5671
15,215683,0,0,399,55.7362,50.5503
15,215683,0,0,400,55.6614,50.5602
15,215683,0,0,401,55.6189,50.5822
15,215683,0,0,402,55.6114,50.5985
15,215683,0,0,403,55.5341,50.6135
15,215683,0,0,404,55.5315,50.6484
15,215683,0,0,405,55.5026,50.6699
15,215683,0,0,406,55.4029,50.6814
15,215683,0,0,407,55.3837,50.6536
15,215683,0,0,408,55.1464,50.7968
15,215683,0,0,409,55.0562,50.8194
15,215683,0,0,410,55.1295,50.8796
15,215683,0,0,411,55.122,50.8888
15,215683,0,0,412,55.1311,50.8971
15,215683,0,0,413,55.1009,50.9042
15,215683,0,0,414,55.1036,50.9103
15,215683,0,0,415,55.0946,50.9097
15,215683,0,0,416,55.0988,50.9129
15,215683,0,0,417,55.0851,50.9212
15,215683,0,0,418,55.0629,50.9269
15,215683,0,0,419,55.0547,50.9201
15,215683,0,0,420,55.0575,50.9269
15,215683,0,0,421,55.0511,50.928
15,215683,0,0,422,55.0146,50.9049
15,215683,0,0,423,54.8939,50.9201
15,215683,0,0,424,54.9032,50.9376
15,215683,0,0,425,54.8888,50.9421
15,215683,0,0,426,54.898,50.9578
15,215683,0,0,427,54.8385,50.979
15,215683,0,0,428,54.7915,50.9853
15,215683,0,0,429,54.7408,51.0163
15,215683,0,0,430,54.7495,51.0229
15,215683,0,0,431,54.7333,51.0256
15,215683,0,0,432,54.7398,51.0386
15,215683,0,0,433,54.726,51.0405
15,215683,0,0,434,54.72,51.0282
15,215683,0,0,435,54.7057,51.0392
15,215683,0,0,436,54.686,51.0376
15,215683,0,0,437,54.7065,51.0261
15,215683,0,0,438,54.6913,51.0156
15,215683,0,0,439,54.6544,51.0301
15,215683,0,0,440,54.652,51.0212
15,215683,0,0,441,54.6107,51.0189
15,215683,0,0,442,54.6016,51.0298
15,215683,0,0,443,54.591,51.0296
15,215683,0,0,444,54.5651,51.0152
15,215683,0,0,445,54.5918,51.0107
15,215683,0,0,446,54.5536,51.0083
15,215683,0,0,447,54.5478,51.0006
15,215683,0,0,448,54.5615,50.9923
15,215683,0,0,449,54.5606,50.9847
15,215683,0,0,450,54.5808,50.9765
15,215683,0,0,451,54.5673,50.971
15,215683,0,0,452,54.5745,50.9674
15,215683,0,0,453,54.5754,50.95
15,215683,0,0,454,54.5943,50.9423
15,215683,0,0,455,54.5883,50.9356
15,215683,0,0,456,54.5768,50.9433
15,215683,0,0,457,54.5588,50.9368
15,215683,0,0,458,54.5658,50.9226
15,215683,0,0,459,54.5471,50.9357
15,215683,0,0,460,54.526,50.9304
15,215683,0,0,461,54.5394,50.9242
15,215683,0,0,462,54.5502,50.9285
15,215683,0,0,463,54.567,50.9151
15,215683,0,0,464,54.6194,50.9251
15,215683,0,0,465,54.6538,50.9152
15,215683,0,0,466,54.6653,50.9198
15,215683,0,0,467,54.6712,50.9057
15,215683,0,0,468,54.6976,50.8927
15,215683,0,0,469,54.6832,50.8341
15,215683,0,0,470,54.6571,50.8233
15,215683,0,0,471,54.6849,50.7805
15,215683,0,0,472,54.6784,50.7178
15,215683,0,0,473,54.7184,50.69
15,215683,0,0,474,54.7094,50.6699
15,215683,0,0,475,54.719,50.6639
15,215683,0,0,476,54.7269,50.6422
15,215683,0,0,477,54.7204,50.6337
15,215683,0,0,478,54.7314,50.6193
15,215683,0,0,479,54.6142,50.5387
15,215683,0,0,480,54.5927,50.5601
15,215683,0,0,481,54.5745,50.5526
15,215683,0,0,482,54.5448,50.5277
15,215683,0,0,483,54.5652,50.5165
15,215683,0,0,484,54.5,50.4662
15,215683,0,0,485,54.458,50.4153
15,215683,0,0,486,54.4639,50.4028
15,215683,0,0,487,54.364,50.3197
15,215683,0,0,488,54.4,50.3052
15,215683,0,0,489,54.4237,50.2845
15,215683,0,0,490,54.4464,50.2199
15,215683,0,0,491,54.4331,50.185
15,215683,0,0,492,54.4337,50.1007
15,215683,0,0,493,54.4666,50.1015
15,215683,0,0,494,54.4955,50.0657
15,215683,0,0,495,54.5713,50.036
15,215683,0,0,496,54.5814,50.0083
15,215683,0,0,497,54.5461,49.9335
15,215683,0,0,498,54.5411,49.9049
15,215683,0,0,499,54.4771,49.8209
15,215683,0,0,500,54.5133,49.7398
15,215683,0,0,501,54.4058,49.7367
15,215683,0,0,502,54.3662,49.674
15,215683,0,0,503,54.2977,49.6705
15,215683,0,0,504,54.3205,49.6624
15,215683,0,0,505,54.361,49.6251
15,215683,0,0,506,54.2675,49.5882
15,215683,0,0,507,54.2598,49.5786
15,215683,0,0,508,54.052,49.6059
15,215683,0,0,509,53.9899,49.5862
15,215683,0,0,510,53.9649,49.5869
15,215683,0,0,511,53.9592,49.5942
15,215683,0,0,512,53.9532,49.5865
15,215683,0,0,513,53.9235,49.5981
15,215683,0,0,514,53.9118,49.5938
15,215683,0,0,515,53.9135,49.5881
15,215683,0,0,516,53.8976,49.588
15,215683,0,0,517,53.8985,49.5985
15,215683,0,0,518,53.864,49.5934
15,215683,0,0,519,53.849,49.5993
15,215683,0,0,520,53.8417,49.5935
15,215683,0,0,521,53.8245,49.6008
15,215683,0,0,522,53.8203,49.5932
15,215683,0,0,523,53.7982,49.5933
15,215683,0,0,524,53.7811,49.578
15,215683,0,0,525,53.7301,49.5739
15,215683,0,0,526,53.7434,49.5685
15,215683,0,0,527,53.7329,49.5497
15,215683,0,0,528,53.743,49.5465
15,215683,0,0,529,53.7181,49.5289
15,215683,0,0,530,53.7335,49.5239
15,215683,0,0,531,53.7151,49.5093
15,215683,0,0,532,53.7024,49.5183
15,215683,0,0,533,53.691,49.5052
15,215683,0,0,534,53.6767,49.51
15,215683,0,0,535,53.6803,49.5183
15,215683,0,0,536,53.6544,49.528
15,215683,0,0,537,53.6279,49.5194
15,215683,0,0,538,53.6109,49.5291
19,215718,0,0,0,73.722,45.2208
19,215718,0,0,1,73.755,45.1044
19,215718,0,0,2,73.893,45.1252
19,215718,0,0,3,74.0875,45.1271
19,215718,0,0,4,74.1182,44.968
19,215718,0,0,5,74.1394,44.9534
19,215718,0,0,6,74.1335,44.9133
19,215718,0,0,7,74.3057,44.849
19,215718,0,0,8,74.3893,44.7953
19,215718,0,0,9,74.4026,44.8012
19,215718,0,0,10,74.5226,44.6987
19,215718,0,0,11,74.5122,44.6669
19,215718,0,0,12,74.5201,44.5831
19,215718,0,0,13,74.4938,44.5261
19,215718,0,0,14,74.5107,44.5228
19,215718,0,0,15,74.5197,44.4858
19,215718,0,0,16,74.751,44.3578
19,215718,0,0,17,74.9415,44.3436
19,215718,0,0,18,74.9976,44.3266
19,215718,0,0,19,75.0042,44.317
19,215718,0,0,20,75.0365,44.3085
19,215718,0,0,21,75.1128,44.2604
19,215718,0,0,22,75.1267,44.26
19,215718,0,0,23,75.2138,44.1942
19,215718,0,0,24,75.3071,44.148
19,215718,0,0,25,75.3158,44.0184
19,215718,0,0,26,75.3068,43.9873
19,215718,0,0,27,75.273,43.9487
19,215718,0,0,28,75.2853,43.8613
19,215718,0,0,29,75.2695,43.8437
19,215718,0,0,30,75.2681,43.8246
19,215718,0,0,31,75.1983,43.7735
19,215718,0,0,32,74.9973,43.651
19,215718,0,0,33,74.9972,43.6103
19,215718,0,0,34,75.0854,43.5691
19,215718,0,0,35,75.133,43.5663
19,215718,0,0,36,75.1841,43.5433
19,215718,0,0,37,75.1809,43.5907
19,215718,0,0,38,75.2387,43.5905
19,215718,0,0,39,75.2424,43.5367
19,215718,0,0,40,75.3054,43.529
19,215718,0,0,41,75.3887,43.5349
19,215718,0,0,42,75.419,43.471
19,215718,0,0,43,75.3498,43.4048
19,215718,0,0,44,75.2941,43.3757
19,215718,0,0,45,75.2777,43.3154
19,215718,0,0,46,75.2811,43.2631
19,215718,0,0,47,75.3306,43.2529
19,215718,0,0,48,75.2945,43.2133
19,215718,0,0,49,75.3306,43.1953
19,215718,0,0,50,75.338,43.1607
19,215718,0,0,51,75.3494,43.146
19,215718,0,0,52,75.4232,43.1205
19,215718,0,0,53,75.4622,43.1219
19,215718,0,0,54,75.5326,43.0826
19,215718,0,0,55,75.5625,43.0829
19,215718,0,0,56,75.6561,43.0437
19,215718,0,0,57,75.6012,42.9992
19,215718,0,0,58,75.5776,42.989
19,215718,0,0,59,75.5462,42.9885
19,215718,0,0,60,75.5468,42.9816
19,215718,0,0,61,75.6561,42.9807
19,215718,0,0,62,75.7236,42.9566
19,215718,0,0,63,75.7538,42.9603
19,215718,0,0,64,75.7738,42.9728
19,215718,0,0,65,75.7728,42.9407
19,215718,0,0,66,75.7859,42.9376
19,215718,0,0,67,75.813,42.9425
19,215718,0,0,68,75.8355,42.9368
19,215718,0,0,69,75.9372,42.9557
19,215718,0,0,70,75.9509,42.9442
19,215718,0,0,71,75.9492,42.933
19,215718,0,0,72,76.0065,42.9259
19,215718,0,0,73,76.0283,42.911
19,215718,0,0,74,76.0722,42.9221
19,215718,0,0,75,76.0882,42.918
19,215718,0,0,76,76.1941,42.9311
19,215718,0,0,77,76.2009,42.9164
19,215718,0,0,78,76.2381,42.9217
19,215718,0,0,79,76.302,42.911
19,215718,0,0,80,76.309,42.9008
19,215718,0,0,81,76.2999,42.8885
19,215718,0,0,82,76.3039,42.8744
19,215718,0,0,83,76.3433,42.8608
19,215718,0,0,84,76.3904,42.8757
19,215718,0,0,85,76.4206,42.8738
19,215718,0,0,86,76.4393,42.8865
19,215718,0,0,87,76.4783,42.8843
19,215718,0,0,88,76.503,42.9059
19,215718,0,0,89,76.504,42.9184
19,215718,0,0,90,76.5226,42.9223
19,215718,0,0,91,76.5752,42.9061
19,215718,0,0,92,76.6035,42.9162
19,215718,0,0,93,76.629,42.9058
19,215718,0,0,94,76.6499,42.9132
19,215718,0,0,95,76.7089,42.9042
19,215718,0,0,96,76.7493,42.9218
19,215718,0,0,97,76.7553,42.95
19,215718,0,0,98,76.7805,42.9565
19,215718,0,0,99,76.8018,42.9469
19,215718,0,0,100,76.8227,42.9551
19,215718,0,0,101,76.8365,42.9709
19,215718,0,0,102,76.8368,42.9834
19,215718,0,0,103,76.9172,42.9659
19,215718,0,0,104,76.9336,42.9707
19,215718,0,0,105,76.9412,42.982
19,215718,0,0,106,76.9572,42.9787
19,215718,0,0,107,76.9716,42.987
19,215718,0,0,108,77.0041,42.9833
19,215718,0,0,109,77.0137,42.9642
19,215718,0,0,110,77.0351,42.9472
19,215718,0,0,111,77.0533,42.9564
19,215718,0,0,112,77.0617,42.9771
19,215718,0,0,113,77.0848,42.9813
19,215718,0,0,114,77.1245,42.9698
19,215718,0,0,115,77.1536,42.9727
19,215718,0,0,116,77.1512,42.9502
19,215718,0,0,117,77.1571,42.9434
19,215718,0,0,118,77.1799,42.9472
19,215718,0,0,119,77.2247,42.9276
19,215718,0,0,120,77.2216,42.9161
19,215718,0,0,121,77.2489,42.9091
19,215718,0,0,122,77.2719,42.9136
19,215718,0,0,123,77.2963,42.9076
19,215718,0,0,124,77.3021,42.917
19,215718,0,0,125,77.3544,42.9002
19,215718,0,0,126,77.4175,42.9275
19,215718,0,0,127,77.455,42.9287
19,215718,0,0,128,77.4714,42.9392
19,215718,0,0,129,77.4863,42.9248
19,215718,0,0,130,77.5525,42.9411
19,215718,0,0,131,77.5826,42.9158
19,215718,0,0,132,77.6234,42.9196
19,215718,0,0,133,77.6566,42.9113
19,215718,0,0,134,77.6704,42.918
19,215718,0,0,135,77.697,42.9039
19,215718,0,0,136,77.7194,42.91
19,215718,0,0,137,77.7623,42.9057
19,215718,0,0,138,77.7807,42.9148
19,215718,0,0,139,77.8107,42.9023
19,215718,0,0,140,77.8238,42.8844
19,215718,0,0,141,77.8741,42.8886
19,215718,0,0,142,77.9111,42.8707
19,215718,0,0,143,77.9341,42.8817
19,215718,0,0,144,77.9431,42.86
19,215718,0,0,145,77.9681,42.8508
19,215718,0,0,146,77.9995,42.8613
19,215718,0,0,147,78.0008,42.8708
19,215718,0,0,148,78.0342,42.8654
19,215718,0,0,149,78.0531,42.8476
19,215718,0,0,150,78.0918,42.8494
19,215718,0,0,151,78.1113,42.8641
19,215718,0,0,152,78.1696,42.8599
19,215718,0,0,153,78.1794,42.8657
19,215718,0,0,154,78.177,42.8739
19,215718,0,0,155,78.1974,42.8824
19,215718,0,0,156,78.2155,42.8696
19,215718,0,0,157,78.2394,42.879
19,215718,0,0,158,78.2728,42.8635
19,215718,0,0,159,78.3488,42.8548
19,215718,0,0,160,78.3624,42.8633
19,215718,0,0,161,78.3766,42.8889
19,215718,0,0,162,78.4089,42.8771
19,215718,0,0,163,78.4309,42.8788
19,215718,0,0,164,78.4642,42.8964
19,215718,0,0,165,78.4811,42.8932
19,215718,0,0,166,78.498,42.9003
19,215718,0,0,167,78.536,42.8814
19,215718,0,0,168,78.5407,42.8696
19,215718,0,0,169,78.5758,42.8625
19,215718,0,0,170,78.5889,42.8476
19,215718,0,0,171,78.6128,42.855
19,215718,0,0,172,78.6449,42.8425
19,215718,0,0,173,78.6466,42.8283
19,215718,0,0,174,78.6639,42.8154
19,215718,0,0,175,78.6943,42.8143
19,215718,0,0,176,78.7101,42.8261
19,215718,0,0,177,78.7339,42.8156
19,215718,0,0,178,78.7733,42.8154
19,215718,0,0,179,78.7866,42.8006
19,215718,0,0,180,78.8008,42.81
19,215718,0,0,181,78.8503,42.7952
19,215718,0,0,182,78.8657,42.8007
19,215718,0,0,183,78.9298,42.7748
19,215718,0,0,184,78.9664,42.7825
19,215718,0,0,185,79.02,42.7784
19,215718,0,0,186,79.0339,42.76
19,215718,0,0,187,79.0944,42.787
19,215718,0,0,188,79.1061,42.7821
19,215718,0,0,189,79.2008,42.8045
19,215718,0,0,190,79.1945,42.7807
19,215718,0,0,191,79.17,42.755
19,215718,0,0,192,79.1702,42.7324
19,215718,0,0,193,79.182,42.6975
19,215718,0,0,194,79.205,42.6681
19,215718,0,0,195,79.2603,42.6256
19,215718,0,0,196,79.2985,42.6201
19,215718,0,0,197,79.319,42.6022
19,215718,0,0,198,79.3442,42.6048
19,215718,0,0,199,79.3793,42.5789
19,215718,0,0,200,79.3825,42.565
19,215718,0,0,201,79.3991,42.5503
19,215718,0,0,202,79.423,42.539
19,215718,0,0,203,79.43,42.5165
19,215718,0,0,204,79.49,42.4892
19,215718,0,0,205,79.5031,42.4609
19,215718,0,0,206,79.6373,42.4535
19,215718,0,0,207,79.6533,42.4754
19,215718,0,0,208,79.6955,42.4796
19,215718,0,0,209,79.7066,42.4692
19,215718,0,0,210,79.7482,42.464
19,215718,0,0,211,79.7494,42.4526
19,215718,0,0,212,79.7713,42.456
19,215718,0,0,213,79.8244,42.4425
19,215718,0,0,214,79.8567,42.4466
19,215718,0,0,215,79.8685,42.4373
19,215718,0,0,216,79.9196,42.4434
19,215718,0,0,217,79.9254,42.4367
19,215718,0,0,218,79.964,42.4367
19,215718,0,0,219,79.9682,42.4021
19,215718,0,0,220,79.9802,42.3797
19,215718,0,0,221,80.0003,42.3781
19,215718,0,0,222,80.002,42.3634
19,215718,0,0,223,80.0282,42.3437
19,215718,0,0,224,80.0817,42.3394
19,215718,0,0,225,80.081,42.3225
19,215718,0,0,226,80.1086,42.3151
19,215718,0,0,227,80.1392,42.2904
19,215718,0,0,228,80.1416,42.2851
19,215718,0,0,229,80.1182,42.2764
19,215718,0,0,230,80.175,42.2108
19,215718,0,0,231,80.2035,42.2288
19,215718,0,0,232,80.2285,42.2167
19,215718,0,0,233,80.2668,42.2252
19,215718,0,0,234,80.2842,42.2351
19,215718,0,0,235,80.2801,42.2484
19,215718,0,0,236,80.2873,42.2575
19,215718,0,0,237,80.2782,42.281
19,215718,0,0,238,80.2595,42.2929
19,215718,0,0,239,80.2602,42.3045
19,215718,0,0,240,80.2833,42.3205
19,215718,0,0,241,80.2376,42.3405
19,215718,0,0,242,80.2263,42.3583
19,215718,0,0,243,80.2391,42.3871
19,215718,0,0,244,80.2274,42.3975
19,215718,0,0,245,80.2338,42.4039
19,215718,0,0,246,80.2142,42.4125
19,215718,0,0,247,80.2148,42.4237
19,215718,0,0,248,80.2045,42.4287
19,215718,0,0,249,80.2132,42.4499
19,215718,0,0,250,80.2063,42.4683
19,215718,0,0,251,80.2719,42.5101
19,215718,0,0,252,80.2514,42.5136
19,215718,0,0,253,80.2489,42.5239
19,215718,0,0,254,80.2206,42.5329
19,215718,0,0,255,80.1824,42.581
19,215718,0,0,256,80.162,42.6303
19,215718,0,0,257,80.1767,42.6714
19,215718,0,0,258,80.2288,42.6961
19,215718,0,0,259,80.223,42.713
19,215718,0,0,260,80.2548,42.784
19,215718,0,0,261,80.2648,42.8254
19,215718,0,0,262,80.26,42.8276
19,215718,0,0,263,80.2773,42.838
19,215718,0,0,264,80.2929,42.8296
19,215718,0,0,265,80.3221,42.839
19,215718,0,0,266,80.3345,42.8359
19,215718,0,0,267,80.3257,42.8289
19,215718,0,0,268,80.331,42.8246
19,215718,0,0,269,80.336,42.8308
19,215718,0,0,270,80.3541,42.8271
19,215718,0,0,271,80.3624,42.8359
19,215718,0,0,272,80.3645,42.8282
19,215718,0,0,273,80.3769,42.8281
19,215718,0,0,274,80.3914,42.8393
19,215718,0,0,275,80.406,42.8296
19,215718,0,0,276,80.4244,42.8414
19,215718,0,0,277,80.4188,42.8433
19,215718,0,0,278,80.4253,42.856
19,215718,0,0,279,80.439,42.8526
19,215718,0,0,280,80.4459,42.8613
19,215718,0,0,281,80.4605,42.8554
19,215718,0,0,282,80.4613,42.8638
19,215718,0,0,283,80.4996,42.8709
19,215718,0,0,284,80.5038,42.8811
19,215718,0,0,285,80.509,42.8729
19,215718,0,0,286,80.5436,42.8866
19,215718,0,0,287,80.5517,42.8791
19,215718,0,0,288,80.5538,42.8869
19,215718,0,0,289,80.5764,42.8878
19,215718,0,0,290,80.5741,42.8959
19,215718,0,0,291,80.6013,42.8929
19,215718,0,0,292,80.5894,42.9148
19,215718,0,0,293,80.5389,42.9362
19,215718,0,0,294,80.4854,42.9447
19,215718,0,0,295,80.396,42.9946
19,215718,0,0,296,80.3764,43.0314
19,215718,0,0,297,80.3842,43.0459
19,215718,0,0,298,80.4584,43.0757
19,215718,0,0,299,80.4834,43.0698
19,215718,0,0,300,80.5368,43.0993
19,215718,0,0,301,80.5489,43.0977
19,215718,0,0,302,80.591,43.1386
19,215718,0,0,303,80.6025,43.1352
19,215718,0,0,304,80.6084,43.1421
19,215718,0,0,305,80.6575,43.1499
19,215718,0,0,306,80.6751,43.1433
19,215718,0,0,307,80.7042,43.1458
19,215718,0,0,308,80.7181,43.134
19,215718,0,0,309,80.7435,43.147
19,215718,0,0,310,80.7813,43.1378
19,215718,0,0,311,80.7954,43.1715
19,215718,0,0,312,80.8073,43.1773
19,215718,0,0,313,80.7861,43.2019
19,215718,0,0,314,80.7826,43.2259
19,215718,0,0,315,80.7898,43.2385
19,215718,0,0,316,80.7651,43.267
19,215718,0,0,317,80.7741,43.2792
19,215718,0,0,318,80.7785,43.312
19,215718,0,0,319,80.7521,43.319
19,215718,0,0,320,80.6984,43.3163
19,215718,0,0,321,80.682,43.3282
19,215718,0,0,322,80.7049,43.3531
19,215718,0,0,323,80.7048,43.3646
19,215718,0,0,324,80.7349,43.3929
19,215718,0,0,325,80.7347,43.4333
19,215718,0,0,326,80.7554,43.4462
19,215718,0,0,327,80.749,43.4725
19,215718,0,0,328,80.6905,43.5741
19,215718,0,0,329,80.5227,43.8221
19,215718,0,0,330,80.5059,43.817
19,215718,0,0,331,80.5084,43.8068
19,215718,0,0,332,80.4849,43.7834
19,215718,0,0,333,80.4764,43.7844
19,215718,0,0,334,80.4735,43.7943
19,215718,0,0,335,80.4419,43.7927
19,215718,0,0,336,80.4369,43.8016
19,215718,0,0,337,80.4224,43.804
19,215718,0,0,338,80.4102,43.7977
19,215718,0,0,339,80.4128,43.7852
19,215718,0,0,340,80.3946,43.788
19,215718,0,0,341,80.384,43.7777
19,215718,0,0,342,80.3421,43.7725
19,215718,0,0,343,80.322,43.7772
19,215718,0,0,344,80.3165,43.7616
19,215718,0,0,345,80.28,43.7729
19,215718,0,0,346,80.2683,43.7576
19,215718,0,0,347,80.2307,43.7597
19,215718,0,0,348,80.2288,43.772
19,215718,0,0,349,80.2209,43.7746
19,215718,0,0,350,80.1964,43.7604
19,215718,0,0,351,80.1874,43.7967
19,215718,0,0,352,80.1734,43.8042
19,215718,0,0,353,80.1349,43.7839
19,215718,0,0,354,80.1035,43.8014
19,215718,0,0,355,80.0949,43.7819
19,215718,0,0,356,80.0879,43.7811
19,215718,0,0,357,80.0774,43.7999
19,215718,0,0,358,80.0678,43.8036
19,215718,0,0,359,80.0386,43.7939
19,215718,0,0,360,80.0391,43.8099
19,215718,0,0,361,80.0101,43.8154
19,215718,0,0,362,80.0014,43.8127
19,215718,0,0,363,80.0056,43.7979
19,215718,0,0,364,79.9967,43.7928
19,215718,0,0,365,79.985,43.8101
19,215718,0,0,366,79.9639,43.82
19,215718,0,0,367,79.9521,43.82
19,215718,0,0,368,79.9396,43.8026
19,215718,0,0,369,79.9148,43.7995
19,215718,0,0,370,79.9128,43.8091
19,215718,0,0,371,79.9253,43.8247
19,215718,0,0,372,79.9026,43.831
19,215718,0,0,373,79.8729,43.8236
19,215718,0,0,374,79.8402,43.8369
19,215718,0,0,375,79.8202,43.8613
19,215718,0,0,376,79.7827,43.8658
19,215718,0,0,377,79.7468,43.8926
19,215718,0,0,378,79.7289,43.8965
19,215718,0,0,379,79.7197,43.9304
19,215718,0,0,380,79.678,43.9321
19,215718,0,0,381,79.664,43.9463
19,215718,0,0,382,79.5633,43.9787
19,215718,0,0,383,79.5175,43.9751
19,215718,0,0,384,79.5009,43.9527
19,215718,0,0,385,79.4546,43.9537
19,215718,0,0,386,79.4025,43.9274
19,215718,0,0,387,79.3967,43.9177
19,215718,0,0,388,79.3628,43.9069
19,215718,0,0,389,79.2911,43.9012
19,215718,0,0,390,79.2535,43.8621
19,215718,0,0,391,79.2188,43.8709
19,215718,0,0,392,79.1969,43.8504
19,215718,0,0,393,79.1432,43.8313
19,215718,0,0,394,79.0904,43.8327
19,215718,0,0,395,79.0761,43.844
19,215718,0,0,396,79.0602,43.8447
19,215718,0,0,397,79.0482,43.8335
19,215718,0,0,398,79.0298,43.8315
19,215718,0,0,399,78.9949,43.8546
19,215718,0,0,400,78.9175,43.846
19,215718,0,0,401,78.8548,43.8516
19,215718,0,0,402,78.8277,43.8378
19,215718,0,0,403,78.7608,43.8481
19,215718,0,0,404,78.7114,43.8342
19,215718,0,0,405,78.6554,43.835
19,215718,0,0,406,78.6295,43.8237
19,215718,0,0,407,78.5371,43.85
19,215718,0,0,408,78.4994,43.8392
19,215718,0,0,409,78.4665,43.8606
19,215718,0,0,410,78.4458,43.8557
19,215718,0,0,411,78.3922,43.878
19,215718,0,0,412,78.3416,43.8796
19,215718,0,0,413,78.3373,43.8928
19,215718,0,0,414,78.2337,43.8976
19,215718,0,0,415,78.1881,43.8815
19,215718,0,0,416,78.062,43.8652
19,215718,0,0,417,77.9582,43.8712
19,215718,0,0,418,77.9313,43.8808
19,215718,0,0,419,77.9067,43.8751
19,215718,0,0,420,77.8869,43.8572
19,215718,0,0,421,77.8508,43.8501
19,215718,0,0,422,77.8286,43.9173
19,215718,0,0,423,77.7779,43.9235
19,215718,0,0,424,77.7884,43.9544
19,215718,0,0,425,77.8238,43.986
19,215718,0,0,426,77.8372,44.0151
19,215718,0,0,427,77.7275,44.0688
19,215718,0,0,428,77.6158,44.0364
19,215718,0,0,429,77.6079,44.0725
19,215718,0,0,430,77.5679,44.0914
19,215718,0,0,431,77.3521,44.1577
19,215718,0,0,432,77.3579,44.2118
19,215718,0,0,433,77.3384,44.2165
19,215718,0,0,434,77.3882,44.266
19,215718,0,0,435,77.3907,44.2748
19,215718,0,0,436,77.3707,44.3044
19,215718,0,0,437,77.3786,44.338
19,215718,0,0,438,77.2945,44.3488
19,215718,0,0,439,77.2923,44.3574
19,215718,0,0,440,77.2092,44.3441
19,215718,0,0,441,77.1798,44.3728
19,215718,0,0,442,77.1781,44.4458
19,215718,0,0,443,77.1113,44.4643
19,215718,0,0,444,76.9332,44.5711
19,215718,0,0,445,76.9421,44.5834
19,215718,0,0,446,76.9357,44.6069
19,215718,0,0,447,76.921,44.6131
19,215718,0,0,448,76.9268,44.6298
19,215718,0,0,449,76.9148,44.6384
19,215718,0,0,450,76.9143,44.6607
19,215718,0,0,451,76.8466,44.7545
19,215718,0,0,452,76.8376,44.8477
19,215718,0,0,453,76.8782,44.88
19,215718,0,0,454,76.8202,44.9586
19,215718,0,0,455,76.7292,45.0276
19,215718,0,0,456,76.6465,45.0227
19,215718,0,0,457,76.61,45.0389
19,215718,0,0,458,76.5684,45.0348
19,215718,0,0,459,76.5571,45.0775
19,215718,0,0,460,76.5456,45.0817
19,215718,0,0,461,76.526,45.1901
19,215718,0,0,462,76.482,45.2607
19,215718,0,0,463,76.4839,45.2932
19,215718,0,0,464,76.3964,45.3855
19,215718,0,0,465,76.2654,45.4539
19,215718,0,0,466,76.1835,45.6228
19,215718,0,0,467,76.1717,45.6835
19,215718,0,0,468,76.1962,45.7317
19,215718,0,0,469,76.1808,46.4526
19,215718,0,0,470,76.2338,46.4783
19,215718,0,0,471,76.217,46.562
19,215718,0,0,472,76.2252,46.6385
19,215718,0,0,473,76.0491,46.7381
19,215718,0,0,474,75.6099,46.6935
19,215718,0,0,475,75.5222,46.7075
19,215718,0,0,476,75.327,46.6821
19,215718,0,0,477,75.0189,46.5573
19,215718,0,0,478,74.7436,46.5264
19,215718,0,0,479,74.1657,46.1383
19,215718,0,0,480,74.0825,46.0404
19,215718,0,0,481,74.0147,45.8904
19,215718,0,0,482,73.9015,45.7465
19,215718,0,0,483,73.9842,45.3816
19,215718,0,0,484,74.031,45.288
19,215718,0,0,485,73.7527,45.2888
19,215718,0,0,486,73.722,45.2208
19,215718,0,1,0,76.742,43.3149
19,215718,0,1,1,76.7724,43.3165
19,215718,0,1,2,76.8009,43.3294
19,215718,0,1,3,76.8121,43.3547
19,215718,0,1,4,76.8509,43.354
19,215718,0,1,5,76.8571,43.3332
19,215718,0,1,6,76.8658,43.3469
19,215718,0,1,7,76.8752,43.3465
19,215718,0,1,8,76.8803,43.3278
19,215718,0,1,9,76.8928,43.3447
19,215718,0,1,10,76.9168,43.3577
19,215718,0,1,11,76.9292,43.3798
19,215718,0,1,12,76.9656,43.3798
19,215718,0,1,13,76.986,43.4038
19,215718,0,1,14,77.0163,43.3861
19,215718,0,1,15,77.0115,43.3598
19,215718,0,1,16,77.0776,43.3713
19,215718,0,1,17,77.1024,43.3841
19,215718,0,1,18,77.0447,43.3531
19,215718,0,1,19,77.0474,43.3487
19,215718,0,1,20,77.0319,43.3468
19,215718,0,1,21,77.0414,43.3379
19,215718,0,1,22,77.0255,43.3199
19,215718,0,1,23,77.0405,43.3103
19,215718,0,1,24,77.01,43.2906
19,215718,0,1,25,77.0149,43.2664
19,215718,0,1,26,77.0046,43.2627
19,215718,0,1,27,77.0322,43.2486
19,215718,0,1,28,77.0394,43.2341
19,215718,0,1,29,77.0575,43.2247
19,215718,0,1,30,77.0688,43.1969
19,215718,0,1,31,77.0969,43.184
19,215718,0,1,32,77.0986,43.1761
19,215718,0,1,33,77.114,43.1816
19,215718,0,1,34,77.1197,43.2041
19,215718,0,1,35,77.146,43.1896
19,215718,0,1,36,77.147,43.1782
19,215718,0,1,37,77.1349,43.1665
19,215718,0,1,38,77.1222,43.1668
19,215718,0,1,39,77.1171,43.1516
19,215718,0,1,40,77.0702,43.1648
19,215718,0,1,41,77.0602,43.1601
19,215718,0,1,42,77.0629,43.1449
19,215718,0,1,43,77.0789,43.132
19,215718,0,1,44,77.1132,43.1139
19,215718,0,1,45,77.1212,43.1174
19,215718,0,1,46,77.1137,43.1099
19,215718,0,1,47,77.0801,43.1154
19,215718,0,1,48,77.0896,43.0709
19,215718,0,1,49,77.0772,43.0338
19,215718,0,1,50,76.9665,43.0496
19,215718,0,1,51,76.9435,43.0338
19,215718,0,1,52,76.9368,43.0443
19,215718,0,1,53,76.9637,43.0592
19,215718,0,1,54,76.9624,43.0778
19,215718,0,1,55,76.937,43.085
19,215718,0,1,56,76.9054,43.0801
19,215718,0,1,57,76.8952,43.1261
19,215718,0,1,58,76.8529,43.1347
19,215718,0,1,59,76.8503,43.1223
19,215718,0,1,60,76.836,43.1221
19,215718,0,1,61,76.8357,43.1339
19,215718,0,1,62,76.8081,43.1357
19,215718,0,1,63,76.8084,43.1466
19,215718,0,1,64,76.7995,43.1464
19,215718,0,1,65,76.7984,43.1544
19,215718,0,1,66,76.7752,43.1596
19,215718,0,1,67,76.7888,43.1628
19,215718,0,1,68,76.7928,43.1752
19,215718,0,1,69,76.7898,43.1965
19,215718,0,1,70,76.7786,43.1998
19,215718,0,1,71,76.7721,43.2179
19,215718,0,1,72,76.7804,43.2184
19,215718,0,1,73,76.7698,43.2297
19,215718,0,1,74,76.7865,43.2319
19,215718,0,1,75,76.7758,43.2495
19,215718,0,1,76,76.7935,43.2504
19,215718,0,1,77,76.7867,43.266
19,215718,0,1,78,76.7998,43.2743
19,215718,0,1,79,76.7984,43.282
19,215718,0,1,80,76.7547,43.2966
19,215718,0,1,81,76.742,43.3149
19,215718,0,2,0,77.1273,43.3645
19,215718,0,2,1,77.1606,43.359
19,215718,0,2,2,77.1668,43.3448
19,215718,0,2,3,77.1462,43.3331
19,215718,0,2,4,77.1273,43.3645
23,214834,0,0,0,47.0499,47.9978
23,214834,0,0,1,47.1008,47.9278
23,214834,0,0,2,47.181,47.8539
23,214834,0,0,3,47.1218,47.8317
23,214834,0,0,4,47.1944,47.7608
23,214834,0,0,5,47.3852,47.6813
23,214834,0,0,6,47.4119,47.7633
23,214834,0,0,7,47.4153,47.8383
23,214834,0,0,8,47.6523,47.758
23,214834,0,0,9,47.9626,47.7515
23,214834,0,0,10,48.0282,47.763
23,214834,0,0,11,48.1117,47.7449
23,214834,0,0,12,48.2094,47.6916
23,214834,0,0,13,48.3189,47.5514
23,214834,0,0,14,48.4516,47.4117
23,214834,0,0,15,48.5194,47.4118
23,214834,0,0,16,48.7102,47.0958
23,214834,0,0,17,48.9153,46.8806
23,214834,0,0,18,48.996,46.7431
23,214834,0,0,19,48.92,46.6934
23,214834,0,0,20,48.7506,46.6855
23,214834,0,0,21,48.7133,46.7209
23,214834,0,0,22,48.6764,46.7134
23,214834,0,0,23,48.6738,46.7208
23,214834,0,0,24,48.6439,46.731
23,214834,0,0,25,48.6284,46.708
23,214834,0,0,26,48.6159,46.705
23,214834,0,0,27,48.6002,46.7144
23,214834,0,0,28,48.5353,46.7063
23,214834,0,0,29,48.553,46.6885
23,214834,0,0,30,48.4779,46.6706
23,214834,0,0,31,48.5117,46.6514
23,214834,0,0,32,48.5603,46.6419
23,214834,0,0,33,48.5499,46.6213
23,214834,0,0,34,48.5663,46.6092
23,214834,0,0,35,48.6227,46.6034
23,214834,0,0,36,48.5797,46.5974
23,214834,0,0,37,48.5574,46.5858
23,214834,0,0,38,48.5479,46.5573
23,214834,0,0,39,48.629,46.5617
23,214834,0,0,40,48.6715,46.5558
23,214834,0,0,41,48.7024,46.5631
23,214834,0,0,42,48.7659,46.5399
23,214834,0,0,43,48.7865,46.5421
23,214834,0,0,44,48.7901,46.521
23,214834,0,0,45,48.8267,46.4802
23,214834,0,0,46,48.8787,46.4816
23,214834,0,0,47,48.912,46.4507
23,214834,0,0,48,49.0018,46.4276
23,214834,0,0,49,49.0536,46.393
23,214834,0,0,50,49.1045,46.385
23,214834,0,0,51,49.1239,46.3899
23,214834,0,0,52,49.1798,46.3771
23,214834,0,0,53,49.2637,46.2933
23,214834,0,0,54,49.5067,46.1933
23,214834,0,0,55,49.545,46.18
23,214834,0,0,56,49.6,46.1767
23,214834,0,0,57,49.7017,46.1867
23,214834,0,0,58,49.7783,46.1183
23,214834,0,0,59,49.8861,46.0458
23,214834,0,0,60,49.9673,46.081
23,214834,0,0,61,50.0209,46.129
23,214834,0,0,62,50.056,46.2286
23,214834,0,0,63,50.0861,46.4326
23,214834,0,0,64,50.1468,46.4773
23,214834,0,0,65,50.3301,46.5507
23,214834,0,0,66,50.6985,46.6737
23,214834,0,0,67,50.8125,46.7305
23,214834,0,0,68,51.1687,46.8156
23,214834,0,0,69,51.2385,46.85
23,214834,0,0,70,51.3854,46.8393
23,214834,0,0,71,51.4489,46.6987
23,214834,0,0,72,51.4873,46.6499
23,214834,0,0,73,51.5666,46.6102
23,214834,0,0,74,51.7191,46.5875
23,214834,0,0,75,51.8074,46.5895
23,214834,0,0,76,52.1321,46.6404
23,214834,0,0,77,52.2583,46.6135
23,214834,0,0,78,52.3157,46.6125
23,214834,0,0,79,52.3803,46.624
23,214834,0,0,80,52.6521,46.7067
23,214834,0,0,81,52.7985,46.6054
23,214834,0,0,82,52.7364,46.3929
23,214834,0,0,83,52.7838,46.2159
23,214834,0,0,84,52.6754,45.8113
23,214834,0,0,85,52.958,45.7556
23,214834,0,0,86,53.1589,45.7459
23,214834,0,0,87,53.1877,45.8131
23,214834,0,0,88,53.3174,45.8008
23,214834,0,0,89,53.41,45.8137
23,214834,0,0,90,53.6478,45.8989
23,214834,0,0,91,53.7236,45.9403
23,214834,0,0,92,53.7736,45.9863
23,214834,0,0,93,53.6772,45.9866
23,214834,0,0,94,53.6845,46.0189
23,214834,0,0,95,53.8953,46.1273
23,214834,0,0,96,53.9686,46.1924
23,214834,0,0,97,53.9717,46.2461
23,214834,0,0,98,54.0779,46.241
23,214834,0,0,99,54.1037,46.2529
23,214834,0,0,100,54.2452,46.2492
23,214834,0,0,101,54.3077,46.257
23,214834,0,0,102,54.5047,46.301
23,214834,0,0,103,54.5309,46.2958
23,214834,0,0,104,54.6928,46.3231
23,214834,0,0,105,54.8326,46.3635
23,214834,0,0,106,55.0896,46.3795
23,214834,0,0,107,55.2705,46.3674
23,214834,0,0,108,55.4879,46.5201
23,214834,0,0,109,55.6031,46.4208
23,214834,0,0,110,55.6284,46.4156
23,214834,0,0,111,55.6583,46.4215
23,214834,0,0,112,55.698,46.3997
23,214834,0,0,113,55.7186,46.4086
23,214834,0,0,114,55.7948,46.4105
23,214834,0,0,115,55.818,46.4012
23,214834,0,0,116,55.8308,46.3805
23,214834,0,0,117,55.8251,46.3485
23,214834,0,0,118,55.859,46.3034
23,214834,0,0,119,55.8197,46.2762
23,214834,0,0,120,55.8177,46.2629
23,214834,0,0,121,55.8361,46.2502
23,214834,0,0,122,55.9022,46.2359
23,214834,0,0,123,55.9576,46.2592
23,214834,0,0,124,55.9731,46.2484
23,214834,0,0,125,55.9815,46.2105
23,214834,0,0,126,56.0448,46.2115
23,214834,0,0,127,56.1217,46.1545
23,214834,0,0,128,56.1971,46.1386
23,214834,0,0,129,56.2862,46.1516
23,214834,0,0,130,56.3509,46.1458
23,214834,0,0,131,56.3699,46.1346
23,214834,0,0,132,56.4666,46.1322
23,214834,0,0,133,56.4718,46.1491
23,214834,0,0,134,56.4648,46.1763
23,214834,0,0,135,56.4424,46.203
23,214834,0,0,136,56.4406,46.2403
23,214834,0,0,137,56.3156,46.3761
23,214834,0,0,138,56.2875,46.5134
23,214834,0,0,139,55.9531,46.593
23,214834,0,0,140,55.7382,46.6289
23,214834,0,0,141,55.4504,46.726
23,214834,0,0,142,55.2329,46.8738
23,214834,0,0,143,55.1945,46.9516
23,214834,0,0,144,55.1248,47.0304
23,214834,0,0,145,55.1198,47.0643
23,214834,0,0,146,55.002,47.2024
23,214834,0,0,147,55.0258,47.3744
23,214834,0,0,148,55.0412,47.4307
23,214834,0,0,149,55.0682,47.4539
23,214834,0,0,150,55.0743,47.5545
23,214834,0,0,151,55.0658,47.5893
23,214834,0,0,152,55.0919,47.7268
23,214834,0,0,153,55.1214,47.7961
23,214834,0,0,154,55.1051,47.8647
23,214834,0,0,155,55.0991,47.9563
23,214834,0,0,156,55.0294,48.0299
23,214834,0,0,157,54.9386,48.0972
23,214834,0,0,158,54.9546,48.1676
23,214834,0,0,159,54.9455,48.1925
23,214834,0,0,160,54.9475,48.24
23,214834,0,0,161,54.9707,48.2705
23,214834,0,0,162,54.9193,48.3065
23,214834,0,0,163,54.8792,48.3653
23,214834,0,0,164,54.8967,48.4644
23,214834,0,0,165,54.8882,48.475
23,214834,0,0,166,54.904,48.4834
23,214834,0,0,167,54.9187,48.5546
23,214834,0,0,168,54.9321,48.5603
23,214834,0,0,169,54.9123,48.7094
23,214834,0,0,170,54.7533,48.7415
23,214834,0,0,171,54.7382,48.7745
23,214834,0,0,172,54.6839,48.8004
23,214834,0,0,173,54.6568,48.7999
23,214834,0,0,174,54.635,48.7706
23,214834,0,0,175,54.5788,48.7793
23,214834,0,0,176,54.578,48.7119
23,214834,0,0,177,54.542,48.6401
23,214834,0,0,178,54.4603,48.6419
23,214834,0,0,179,54.4503,48.6525
23,214834,0,0,180,54.3552,48.6791
23,214834,0,0,181,54.3026,48.7031
23,214834,0,0,182,54.1761,48.7243
23,214834,0,0,183,54.1551,48.7355
23,214834,0,0,184,54.027,48.7628
23,214834,0,0,185,54.0435,48.8074
23,214834,0,0,186,54.0118,48.8819
23,214834,0,0,187,54.0243,48.9568
23,214834,0,0,188,53.9906,49.0035
23,214834,0,0,189,54.0113,49.0508
23,214834,0,0,190,53.9898,49.0936
23,214834,0,0,191,53.9965,49.15
23,214834,0,0,192,53.9876,49.1744
23,214834,0,0,193,53.9054,49.1624
23,214834,0,0,194,53.8923,49.1162
23,214834,0,0,195,53.8696,49.0986
23,214834,0,0,196,53.8137,49.1239
23,214834,0,0,197,53.8268,49.1429
23,214834,0,0,198,53.7443,49.158
23,214834,0,0,199,53.6648,49.1886
23,214834,0,0,200,53.6349,49.2137
23,214834,0,0,201,53.6257,49.2328
23,214834,0,0,202,53.57,49.1916
23,214834,0,0,203,53.3851,49.0992
23,214834,0,0,204,53.4034,49.0883
23,214834,0,0,205,53.4221,49.0615
23,214834,0,0,206,53.4117,49.0521
23,214834,0,0,207,53.2603,49.0169
23,214834,0,0,208,52.9364,49.0301
23,214834,0,0,209,52.8256,49.0476
23,214834,0,0,210,52.8013,49.0201
23,214834,0,0,211,52.7837,48.9791
23,214834,0,0,212,52.7075,48.9959
23,214834,0,0,213,52.7149,48.7599
23,214834,0,0,214,52.6421,48.7491
23,214834,0,0,215,52.6096,48.7612
23,214834,0,0,216,52.557,48.6649
23,214834,0,0,217,52.5324,48.5924
23,214834,0,0,218,52.556,48.5139
23,214834,0,0,219,52.4406,48.4931
23,214834,0,0,220,52.379,48.4955
23,214834,0,0,221,52.2664,48.5245
23,214834,0,0,222,52.2061,48.5587
23,214834,0,0,223,52.1312,48.5821
23,214834,0,0,224,52.0848,48.5708
23,214834,0,0,225,52.062,48.5592
23,214834,0,0,226,52.0609,48.5512
23,214834,0,0,227,51.8831,48.5606
23,214834,0,0,228,51.8465,48.5708
23,214834,0,0,229,51.7728,48.5762
23,214834,0,0,230,51.7692,48.598
23,214834,0,0,231,51.7885,48.6232
23,214834,0,0,232,51.8214,48.632
23,214834,0,0,233,51.8063,48.6824
23,214834,0,0,234,51.7878,48.6791
23,214834,0,0,235,51.6492,48.7147
23,214834,0,0,236,51.4366,48.727
23,214834,0,0,237,51.2617,48.719
23,214834,0,0,238,51.1069,48.6795
23,214834,0,0,239,51.0357,48.6884
23,214834,0,0,240,50.9985,48.6343
23,214834,0,0,241,50.9903,48.5871
23,214834,0,0,242,50.9148,48.5439
23,214834,0,0,243,50.8694,48.5357
23,214834,0,0,244,50.7811,48.4948
23,214834,0,0,245,50.7356,48.4846
23,214834,0,0,246,50.2259,48.2808
23,214834,0,0,247,49.9685,48.0826
23,214834,0,0,248,49.8717,48.0928
23,214834,0,0,249,49.7884,48.091
23,214834,0,0,250,49.7326,48.0646
23,214834,0,0,251,49.6307,48.0643
23,214834,0,0,252,49.4138,48.0434
23,214834,0,0,253,49.4249,47.9875
23,214834,0,0,254,49.4649,47.9481
23,214834,0,0,255,49.2933,47.9767
23,214834,0,0,256,48.8674,48.0895
23,214834,0,0,257,48.4071,48.1279
23,214834,0,0,258,47.8345,48.2078
23,214834,0,0,259,47.5983,48.2182
23,214834,0,0,260,47.4015,48.242
23,214834,0,0,261,47.2015,48.2518
23,214834,0,0,262,47.123,48.2685
23,214834,0,0,263,47.103,48.2105
23,214834,0,0,264,47.1248,48.1581
23,214834,0,0,265,47.0909,48.1032
23,214834,0,0,266,47.2111,48.0822
23,214834,0,0,267,47.2005,48.0549
23,214834,0,0,268,47.1588,48.0611
23,214834,0,0,269,47.1486,48.0364
23,214834,0,0,270,47.0499,47.9978
27,215441,0,0,0,46.4932,48.4326
27,215441,0,0,1,46.6459,48.3851
27,215441,0,0,2,46.6776,48.3905
27,215441,0,0,3,46.7476,48.3535
27,215441,0,0,4,46.8893,48.3277
27,215441,0,0,5,47.2015,48.2518
27,215441,0,0,6,47.4015,48.242
27,215441,0,0,7,47.5983,48.2182
27,215441,0,0,8,47.8345,48.2078
27,215441,0,0,9,48.4071,48.1279
27,215441,0,0,10,48.8674,48.0895
27,215441,0,0,11,49.2933,47.9767
27,215441,0,0,12,49.4649,47.9481
27,215441,0,0,13,49.4249,47.9875
27,215441,0,0,14,49.4138,48.0434
27,215441,0,0,15,49.6307,48.0643
27,215441,0,0,16,49.7326,48.0646
27,215441,0,0,17,49.7884,48.091
27,215441,0,0,18,49.8717,48.0928
27,215441,0,0,19,49.9685,48.0826
27,215441,0,0,20,50.2259,48.2808
27,215441,0,0,21,50.7356,48.4846
27,215441,0,0,22,50.7811,48.4948
27,215441,0,0,23,50.8694,48.5357
27,215441,0,0,24,50.9148,48.5439
27,215441,0,0,25,50.9903,48.5871
27,215441,0,0,26,50.9985,48.6343
27,215441,0,0,27,51.0357,48.6884
27,215441,0,0,28,51.1069,48.6795
27,215441,0,0,29,51.2617,48.719
27,215441,0,0,30,51.4366,48.727
27,215441,0,0,31,51.5929,48.7214
27,215441,0,0,32,51.6492,48.7147
27,215441,0,0,33,51.7878,48.6791
27,215441,0,0,34,51.8063,48.6824
27,215441,0,0,35,51.8214,48.632
27,215441,0,0,36,51.7885,48.6232
27,215441,0,0,37,51.7692,48.598
27,215441,0,0,38,51.7728,48.5762
27,215441,0,0,39,51.8465,48.5708
27,215441,0,0,40,51.8831,48.5606
27,215441,0,0,41,52.0609,48.5512
27,215441,0,0,42,52.062,48.5592
27,215441,0,0,43,52.0848,48.5708
27,215441,0,0,44,52.1312,48.5821
27,215441,0,0,45,52.2061,48.5587
27,215441,0,0,46,52.2664,48.5245
27,215441,0,0,47,52.379,48.4955
27,215441,0,0,48,52.4406,48.4931
27,215441,0,0,49,52.556,48.5139
27,215441,0,0,50,52.5324,48.5924
27,215441,0,0,51,52.557,48.6649
27,215441,0,0,52,52.6096,48.7612
27,215441,0,0,53,52.6421,48.7491
27,215441,0,0,54,52.7149,48.7599
27,215441,0,0,55,52.7075,48.9959
27,215441,0,0,56,52.7837,48.9791
27,215441,0,0,57,52.8013,49.0201
27,215441,0,0,58,52.8256,49.0476
27,215441,0,0,59,52.9364,49.0301
27,215441,0,0,60,53.2603,49.0169
27,215441,0,0,61,53.4117,49.0521
27,215441,0,0,62,53.4221,49.0615
27,215441,0,0,63,53.4034,49.0883
27,215441,0,0,64,53.3851,49.0992
27,215441,0,0,65,53.57,49.1916
27,215441,0,0,66,53.6257,49.2328
27,215441,0,0,67,53.6232,49.2775
27,215441,0,0,68,53.6442,49.3318
27,215441,0,0,69,53.6583,49.4142
27,215441,0,0,70,53.6876,49.4676
27,215441,0,0,71,53.6228,49.4806
27,215441,0,0,72,53.6109,49.5291
27,215441,0,0,73,53.6279,49.5194
27,215441,0,0,74,53.6544,49.528
27,215441,0,0,75,53.6803,49.5183
27,215441,0,0,76,53.6767,49.51
27,215441,0,0,77,53.691,49.5052
27,215441,0,0,78,53.7024,49.5183
27,215441,0,0,79,53.7151,49.5093
27,215441,0,0,80,53.7335,49.5239
27,215441,0,0,81,53.7181,49.5289
27,215441,0,0,82,53.743,49.5465
27,215441,0,0,83,53.7329,49.5497
27,215441,0,0,84,53.7434,49.5685
27,215441,0,0,85,53.7301,49.5739
27,215441,0,0,86,53.7811,49.578
27,215441,0,0,87,53.7982,49.5933
27,215441,0,0,88,53.8203,49.5932
27,215441,0,0,89,53.8245,49.6008
27,215441,0,0,90,53.8417,49.5935
27,215441,0,0,91,53.849,49.5993
27,215441,0,0,92,53.864,49.5934
27,215441,0,0,93,53.8985,49.5985
27,215441,0,0,94,53.8976,49.588
27,215441,0,0,95,53.9135,49.5881
27,215441,0,0,96,53.9118,49.5938
27,215441,0,0,97,53.9235,49.5981
27,215441,0,0,98,53.9532,49.5865
27,215441,0,0,99,53.9592,49.5942
27,215441,0,0,100,53.9649,49.5869
27,215441,0,0,101,53.9899,49.5862
27,215441,0,0,102,54.052,49.6059
27,215441,0,0,103,54.2598,49.5786
27,215441,0,0,104,54.2675,49.5882
27,215441,0,0,105,54.361,49.6251
27,215441,0,0,106,54.3205,49.6624
27,215441,0,0,107,54.2977,49.6705
27,215441,0,0,108,54.3662,49.674
27,215441,0,0,109,54.4058,49.7367
27,215441,0,0,110,54.5133,49.7398
27,215441,0,0,111,54.4771,49.8209
27,215441,0,0,112,54.5411,49.9049
27,215441,0,0,113,54.5461,49.9335
27,215441,0,0,114,54.5814,50.0083
27,215441,0,0,115,54.5713,50.036
27,215441,0,0,116,54.4955,50.0657
27,215441,0,0,117,54.4666,50.1015
27,215441,0,0,118,54.4337,50.1007
27,215441,0,0,119,54.4331,50.185
27,215441,0,0,120,54.4464,50.2199
27,215441,0,0,121,54.4237,50.2845
27,215441,0,0,122,54.4,50.3052
27,215441,0,0,123,54.364,50.3197
27,215441,0,0,124,54.4639,50.4028
27,215441,0,0,125,54.458,50.4153
27,215441,0,0,126,54.5,50.4662
27,215441,0,0,127,54.5652,50.5165
27,215441,0,0,128,54.4662,50.5666
27,215441,0,0,129,54.4136,50.6207
27,215441,0,0,130,54.4378,50.6615
27,215441,0,0,131,54.4736,50.7784
27,215441,0,0,132,54.5154,50.8073
27,215441,0,0,133,54.5151,50.8181
27,215441,0,0,134,54.5287,50.8301
27,215441,0,0,135,54.5182,50.8546
27,215441,0,0,136,54.4524,50.8512
27,215441,0,0,137,54.4416,50.8821
27,215441,0,0,138,54.419,50.8755
27,215441,0,0,139,54.3656,50.8834
27,215441,0,0,140,54.346,50.901
27,215441,0,0,141,54.3191,50.8993
27,215441,0,0,142,54.3144,50.9083
27,215441,0,0,143,54.3032,50.9088
27,215441,0,0,144,54.3009,50.8958
27,215441,0,0,145,54.2899,50.9005
27,215441,0,0,146,54.2798,50.9179
27,215441,0,0,147,54.2871,50.9399
27,215441,0,0,148,54.2714,50.9484
27,215441,0,0,149,54.2886,50.9492
27,215441,0,0,150,54.2597,50.9506
27,215441,0,0,151,54.2521,50.9582
27,215441,0,0,152,54.2304,50.9539
27,215441,0,0,153,54.1948,50.9671
27,215441,0,0,154,54.1899,50.9749
27,215441,0,0,155,54.2046,50.9875
27,215441,0,0,156,54.1876,50.996
27,215441,0,0,157,54.1723,50.9922
27,215441,0,0,158,54.1806,51.0007
27,215441,0,0,159,54.1767,51.0101
27,215441,0,0,160,54.1581,51.0099
27,215441,0,0,161,54.1724,51.0192
27,215441,0,0,162,54.169,51.0303
27,215441,0,0,163,54.1813,51.0234
27,215441,0,0,164,54.1944,51.0317
27,215441,0,0,165,54.1684,51.0469
27,215441,0,0,166,54.1609,51.0663
27,215441,0,0,167,54.1429,51.0622
27,215441,0,0,168,54.1505,51.0549
27,215441,0,0,169,54.1426,51.0512
27,215441,0,0,170,54.13,51.0626
27,215441,0,0,171,54.1519,51.0732
27,215441,0,0,172,54.1447,51.0989
27,215441,0,0,173,54.135,51.1091
27,215441,0,0,174,54.0736,51.121
27,215441,0,0,175,54.0361,51.1415
27,215441,0,0,176,54.0545,51.153
27,215441,0,0,177,53.9917,51.1698
27,215441,0,0,178,53.973,51.1656
27,215441,0,0,179,53.9694,51.1768
27,215441,0,0,180,53.9341,51.1856
27,215441,0,0,181,53.9324,51.1934
27,215441,0,0,182,53.8926,51.1804
27,215441,0,0,183,53.8915,51.1972
27,215441,0,0,184,53.8831,51.2006
27,215441,0,0,185,53.8692,51.1923
27,215441,0,0,186,53.8669,51.2005
27,215441,0,0,187,53.8587,51.1995
27,215441,0,0,188,53.8556,51.1894
27,215441,0,0,189,53.8323,51.1976
27,215441,0,0,190,53.8209,51.1929
27,215441,0,0,191,53.8258,51.2025
27,215441,0,0,192,53.8134,51.2034
27,215441,0,0,193,53.8085,51.2151
27,215441,0,0,194,53.7834,51.215
27,215441,0,0,195,53.7827,51.2056
27,215441,0,0,196,53.7683,51.2149
27,215441,0,0,197,53.7481,51.2037
27,215441,0,0,198,53.7354,51.2077
27,215441,0,0,199,53.744,51.2139
27,215441,0,0,200,53.7404,51.2165
27,215441,0,0,201,53.709,51.2227
27,215441,0,0,202,53.7144,51.2268
27,215441,0,0,203,53.6946,51.2211
27,215441,0,0,204,53.6928,51.2363
27,215441,0,0,205,53.6837,51.2317
27,215441,0,0,206,53.6878,51.2262
27,215441,0,0,207,53.6684,51.2254
27,215441,0,0,208,53.6635,51.2392
27,215441,0,0,209,53.6563,51.2392
27,215441,0,0,210,53.6592,51.2552
27,215441,0,0,211,53.6699,51.2571
27,215441,0,0,212,53.6696,51.2601
27,215441,0,0,213,53.645,51.2626
27,215441,0,0,214,53.655,51.2678
27,215441,0,0,215,53.6411,51.273
27,215441,0,0,216,53.6449,51.277
27,215441,0,0,217,53.6297,51.2708
27,215441,0,0,218,53.6173,51.2792
27,215441,0,0,219,53.6255,51.2827
27,215441,0,0,220,53.6085,51.2886
27,215441,0,0,221,53.6134,51.2942
27,215441,0,0,222,53.6045,51.2927
27,215441,0,0,223,53.6103,51.3015
27,215441,0,0,224,53.5956,51.3062
27,215441,0,0,225,53.603,51.3171
27,215441,0,0,226,53.6099,51.3152
27,215441,0,0,227,53.6049,51.3225
27,215441,0,0,228,53.621,51.3271
27,215441,0,0,229,53.6156,51.3325
27,215441,0,0,230,53.6237,51.3327
27,215441,0,0,231,53.621,51.3414
27,215441,0,0,232,53.6278,51.3446
27,215441,0,0,233,53.6152,51.3418
27,215441,0,0,234,53.622,51.3459
27,215441,0,0,235,53.6138,51.3486
27,215441,0,0,236,53.6163,51.3559
27,215441,0,0,237,53.6,51.3501
27,215441,0,0,238,53.5959,51.3637
27,215441,0,0,239,53.6064,51.3652
27,215441,0,0,240,53.6085,51.3731
27,215441,0,0,241,53.6281,51.3665
27,215441,0,0,242,53.6359,51.3759
27,215441,0,0,243,53.6221,51.3783
27,215441,0,0,244,53.6333,51.3834
27,215441,0,0,245,53.6224,51.3869
27,215441,0,0,246,53.6286,51.3933
27,215441,0,0,247,53.5996,51.3952
27,215441,0,0,248,53.5841,51.4124
27,215441,0,0,249,53.5673,51.4156
27,215441,0,0,250,53.5757,51.426
27,215441,0,0,251,53.5704,51.4332
27,215441,0,0,252,53.5524,51.4257
27,215441,0,0,253,53.537,51.4313
27,215441,0,0,254,53.5209,51.4251
27,215441,0,0,255,53.5171,51.4351
27,215441,0,0,256,53.4972,51.4306
27,215441,0,0,257,53.4814,51.4426
27,215441,0,0,258,53.4914,51.4505
27,215441,0,0,259,53.4875,51.4542
27,215441,0,0,260,53.4763,51.4527
27,215441,0,0,261,53.4636,51.4383
27,215441,0,0,262,53.4375,51.4376
27,215441,0,0,263,53.4349,51.468
27,215441,0,0,264,53.4197,51.4777
27,215441,0,0,265,53.4276,51.4815
27,215441,0,0,266,53.4124,51.4792
27,215441,0,0,267,53.3953,51.4924
27,215441,0,0,268,53.3613,51.4885
27,215441,0,0,269,53.3616,51.4963
27,215441,0,0,270,53.3392,51.4901
27,215441,0,0,271,53.3404,51.5052
27,215441,0,0,272,53.3239,51.5097
27,215441,0,0,273,53.2876,51.4995
27,215441,0,0,274,53.2862,51.4868
27,215441,0,0,275,53.2758,51.4819
27,215441,0,0,276,53.2588,51.4932
27,215441,0,0,277,53.2632,51.5061
27,215441,0,0,278,53.255,51.5119
27,215441,0,0,279,53.2026,51.5029
27,215441,0,0,280,53.1784,51.5143
27,215441,0,0,281,53.1966,51.5287
27,215441,0,0,282,53.1853,51.5352
27,215441,0,0,283,53.1699,51.5175
27,215441,0,0,284,53.1528,51.5252
27,215441,0,0,285,53.1416,51.5215
27,215441,0,0,286,53.144,51.5048
27,215441,0,0,287,53.1625,51.4985
27,215441,0,0,288,53.1558,51.4869
27,215441,0,0,289,53.098,51.4877
27,215441,0,0,290,53.0704,51.5047
27,215441,0,0,291,53.0593,51.4909
27,215441,0,0,292,53.0032,51.4722
27,215441,0,0,293,52.9706,51.4855
27,215441,0,0,294,52.9668,51.4796
27,215441,0,0,295,52.9783,51.4704
27,215441,0,0,296,52.9462,51.4771
27,215441,0,0,297,52.9421,51.4706
27,215441,0,0,298,52.9594,51.4617
27,215441,0,0,299,52.9501,51.4551
27,215441,0,0,300,52.9428,51.4578
27,215441,0,0,301,52.9366,51.4812
27,215441,0,0,302,52.9165,51.4829
27,215441,0,0,303,52.9247,51.498
27,215441,0,0,304,52.9094,51.4948
27,215441,0,0,305,52.9026,51.4766
27,215441,0,0,306,52.888,51.4908
27,215441,0,0,307,52.8717,51.4747
27,215441,0,0,308,52.8646,51.4795
27,215441,0,0,309,52.8701,51.4878
27,215441,0,0,310,52.8971,51.4947
27,215441,0,0,311,52.8986,51.5034
27,215441,0,0,312,52.8882,51.5067
27,215441,0,0,313,52.8574,51.491
27,215441,0,0,314,52.8384,51.506
27,215441,0,0,315,52.8331,51.5001
27,215441,0,0,316,52.8413,51.4898
27,215441,0,0,317,52.8333,51.4864
27,215441,0,0,318,52.8236,51.5017
27,215441,0,0,319,52.8112,51.4911
27,215441,0,0,320,52.8054,51.5054
27,215441,0,0,321,52.7876,51.4998
27,215441,0,0,322,52.7941,51.5136
27,215441,0,0,323,52.7816,51.5106
27,215441,0,0,324,52.7811,51.5006
27,215441,0,0,325,52.7733,51.5021
27,215441,0,0,326,52.7756,51.5193
27,215441,0,0,327,52.7687,51.5222
27,215441,0,0,328,52.7572,51.5089
27,215441,0,0,329,52.7581,51.4962
27,215441,0,0,330,52.7346,51.5032
27,215441,0,0,331,52.7511,51.4931
27,215441,0,0,332,52.7479,51.4865
27,215441,0,0,333,52.7253,51.4858
27,215441,0,0,334,52.7348,51.4955
27,215441,0,0,335,52.7234,51.4984
27,215441,0,0,336,52.7177,51.4838
27,215441,0,0,337,52.6752,51.4782
27,215441,0,0,338,52.6722,51.4704
27,215441,0,0,339,52.6892,51.4657
27,215441,0,0,340,52.6878,51.4567
27,215441,0,0,341,52.6636,51.4702
27,215441,0,0,342,52.6645,51.4872
27,215441,0,0,343,52.6552,51.4907
27,215441,0,0,344,52.6456,51.4849
27,215441,0,0,345,52.6413,51.463
27,215441,0,0,346,52.6243,51.4742
27,215441,0,0,347,52.6157,51.4707
27,215441,0,0,348,52.6226,51.4555
27,215441,0,0,349,52.5857,51.4557
27,215441,0,0,350,52.5979,51.4708
27,215441,0,0,351,52.5865,51.4778
27,215441,0,0,352,52.5606,51.453
27,215441,0,0,353,52.5358,51.4674
27,215441,0,0,354,52.5572,51.48
27,215441,0,0,355,52.5515,51.4904
27,215441,0,0,356,52.5049,51.5059
27,215441,0,0,357,52.5089,51.5121
27,215441,0,0,358,52.5021,51.5184
27,215441,0,0,359,52.5112,51.5305
27,215441,0,0,360,52.5009,51.539
27,215441,0,0,361,52.5089,51.5418
27,215441,0,0,362,52.4961,51.5475
27,215441,0,0,363,52.4504,51.6233
27,215441,0,0,364,52.4161,51.6401
27,215441,0,0,365,52.3844,51.6832
27,215441,0,0,366,52.3802,51.7179
27,215441,0,0,367,52.3594,51.7761
27,215441,0,0,368,52.3195,51.7663
27,215441,0,0,369,52.3348,51.7432
27,215441,0,0,370,52.2387,51.7238
27,215441,0,0,371,52.2334,51.7358
27,215441,0,0,372,52.1816,51.7334
27,215441,0,0,373,52.1746,51.6875
27,215441,0,0,374,52.0901,51.6584
27,215441,0,0,375,52.0747,51.674
27,215441,0,0,376,51.999,51.6672
27,215441,0,0,377,51.9996,51.6834
27,215441,0,0,378,51.8941,51.6834
27,215441,0,0,379,51.8941,51.6742
27,215441,0,0,380,51.8566,51.6738
27,215441,0,0,381,51.8647,51.6608
27,215441,0,0,382,51.8602,51.6503
27,215441,0,0,383,51.8239,51.6376
27,215441,0,0,384,51.8169,51.6237
27,215441,0,0,385,51.7857,51.6042
27,215441,0,0,386,51.7988,51.5924
27,215441,0,0,387,51.7705,51.5832
27,215441,0,0,388,51.8136,51.497
27,215441,0,0,389,51.7307,51.4808
27,215441,0,0,390,51.7387,51.4652
27,215441,0,0,391,51.6558,51.4486
27,215441,0,0,392,51.6408,51.4767
27,215441,0,0,393,51.6298,51.475
27,215441,0,0,394,51.6429,51.5014
27,215441,0,0,395,51.6571,51.5051
27,215441,0,0,396,51.64,51.5385
27,215441,0,0,397,51.6128,51.5334
27,215441,0,0,398,51.6041,51.5508
27,215441,0,0,399,51.5768,51.5455
27,215441,0,0,400,51.5851,51.5284
27,215441,0,0,401,51.5569,51.5231
27,215441,0,0,402,51.5661,51.5058
27,215441,0,0,403,51.4908,51.4903
27,215441,0,0,404,51.4936,51.4846
27,215441,0,0,405,51.4657,51.4854
27,215441,0,0,406,51.4315,51.4749
27,215441,0,0,407,51.3802,51.4762
27,215441,0,0,408,51.38,51.4858
27,215441,0,0,409,51.2865,51.4878
27,215441,0,0,410,51.2856,51.5319
27,215441,0,0,411,51.2477,51.5252
27,215441,0,0,412,51.2404,51.5631
27,215441,0,0,413,51.3803,51.5634
27,215441,0,0,414,51.3802,51.6412
27,215441,0,0,415,51.3037,51.6411
27,215441,0,0,416,51.2721,51.6849
27,215441,0,0,417,51.2151,51.6821
27,215441,0,0,418,51.2008,51.6669
27,215441,0,0,419,51.1559,51.6778
27,215441,0,0,420,51.1518,51.6709
27,215441,0,0,421,51.1133,51.6774
27,215441,0,0,422,51.0841,51.6663
27,215441,0,0,423,51.0602,51.6723
27,215441,0,0,424,51.0567,51.6806
27,215441,0,0,425,51.0442,51.6771
27,215441,0,0,426,51.0372,51.6868
27,215441,0,0,427,50.9976,51.6714
27,215441,0,0,428,50.9685,51.6811
27,215441,0,0,429,50.8936,51.6814
27,215441,0,0,430,50.8714,51.7535
27,215441,0,0,431,50.7682,51.773
27,215441,0,0,432,50.7682,51.7147
27,215441,0,0,433,50.7874,51.6848
27,215441,0,0,434,50.8326,51.6492
27,215441,0,0,435,50.8126,51.6492
27,215441,0,0,436,50.812,51.585
27,215441,0,0,437,50.7667,51.5856
27,215441,0,0,438,50.7677,51.5748
27,215441,0,0,439,50.6789,51.5745
27,215441,0,0,440,50.6832,51.5869
27,215441,0,0,441,50.7006,51.587
27,215441,0,0,442,50.6982,51.5944
27,215441,0,0,443,50.7336,51.6059
27,215441,0,0,444,50.7317,51.6285
27,215441,0,0,445,50.636,51.6292
27,215441,0,0,446,50.6359,51.6431
27,215441,0,0,447,50.625,51.6468
27,215441,0,0,448,50.5852,51.6458
27,215441,0,0,449,50.5867,51.5906
27,215441,0,0,450,50.5653,51.5885
27,215441,0,0,451,50.5512,51.6009
27,215441,0,0,452,50.5377,51.589
27,215441,0,0,453,50.5377,51.5103
27,215441,0,0,454,50.5559,51.4888
27,215441,0,0,455,50.5559,51.4727
27,215441,0,0,456,50.5469,51.465
27,215441,0,0,457,50.498,51.4659
27,215441,0,0,458,50.4969,51.4277
27,215441,0,0,459,50.3718,51.4278
27,215441,0,0,460,50.4038,51.4043
27,215441,0,0,461,50.3382,51.382
27,215441,0,0,462,50.3731,51.3326
27,215441,0,0,463,50.2446,51.281
27,215441,0,0,464,50.0069,51.2429
27,215441,0,0,465,49.911,51.201
27,215441,0,0,466,49.7762,51.1072
27,215441,0,0,467,49.5544,51.11
27,215441,0,0,468,49.4903,51.0985
27,215441,0,0,469,49.4547,51.1256
27,215441,0,0,470,49.4381,51.1154
27,215441,0,0,471,49.4304,51.0899
27,215441,0,0,472,49.3928,51.0901
27,215441,0,0,473,49.3964,51.0489
27,215441,0,0,474,49.3385,50.9871
27,215441,0,0,475,49.3746,50.981
27,215441,0,0,476,49.4081,50.961
27,215441,0,0,477,49.4116,50.939
27,215441,0,0,478,49.4293,50.9202
27,215441,0,0,479,49.428,50.9067
27,215441,0,0,480,49.4383,50.9012
27,215441,0,0,481,49.4447,50.8815
27,215441,0,0,482,49.4228,50.8487
27,215441,0,0,483,49.2623,50.823
27,215441,0,0,484,49.2172,50.799
27,215441,0,0,485,49.1262,50.7846
27,215441,0,0,486,49.0093,50.6822
27,215441,0,0,487,48.9993,50.6875
27,215441,0,0,488,48.954,50.651
27,215441,0,0,489,48.8147,50.5955
27,215441,0,0,490,48.7579,50.6115
27,215441,0,0,491,48.7242,50.603
27,215441,0,0,492,48.6892,50.6123
27,215441,0,0,493,48.65,50.6448
27,215441,0,0,494,48.6062,50.6619
27,215441,0,0,495,48.5706,50.6324
27,215441,0,0,496,48.5948,50.6159
27,215441,0,0,497,48.6461,50.6063
27,215441,0,0,498,48.652,50.6011
27,215441,0,0,499,48.6464,50.5873
27,215441,0,0,500,48.6663,50.5722
27,215441,0,0,501,48.6558,50.5563
27,215441,0,0,502,48.6589,50.5278
27,215441,0,0,503,48.7324,50.2572
27,215441,0,0,504,48.7942,50.2049
27,215441,0,0,505,48.809,50.1704
27,215441,0,0,506,48.7637,50.0979
27,215441,0,0,507,48.8503,50.0902
27,215441,0,0,508,48.8634,50.0778
27,215441,0,0,509,48.8652,50.0558
27,215441,0,0,510,48.8813,50.0403
27,215441,0,0,511,48.8798,50.0319
27,215441,0,0,512,48.9034,50.0184
27,215441,0,0,513,48.7456,49.9213
27,215441,0,0,514,48.4503,49.8351
27,215441,0,0,515,48.4406,49.8012
27,215441,0,0,516,48.3946,49.8363
27,215441,0,0,517,48.3541,49.8272
27,215441,0,0,518,48.3425,49.8494
27,215441,0,0,519,48.3266,49.8516
27,215441,0,0,520,48.3146,49.8726
27,215441,0,0,521,48.2972,49.8605
27,215441,0,0,522,48.2652,49.858
27,215441,0,0,523,48.2408,49.8696
27,215441,0,0,524,48.2267,49.868
27,215441,0,0,525,48.2333,49.901
27,215441,0,0,526,48.1929,49.9436
27,215441,0,0,527,48.1615,49.9563
27,215441,0,0,528,48.1569,49.9798
27,215441,0,0,529,48.1322,49.9977
27,215441,0,0,530,48.1286,50.042
27,215441,0,0,531,48.0959,50.0995
27,215441,0,0,532,48.0482,50.1122
27,215441,0,0,533,48.0497,50.127
27,215441,0,0,534,48.0092,50.1423
27,215441,0,0,535,47.9988,50.1558
27,215441,0,0,536,47.9987,50.1708
27,215441,0,0,537,47.9511,50.2122
27,215441,0,0,538,47.953,50.2264
27,215441,0,0,539,47.9369,50.2333
27,215441,0,0,540,47.9377,50.2445
27,215441,0,0,541,47.8869,50.2679
27,215441,0,0,542,47.851,50.3035
27,215441,0,0,543,47.8198,50.3129
27,215441,0,0,544,47.8279,50.3307
27,215441,0,0,545,47.7635,50.3401
27,215441,0,0,546,47.7446,50.3555
27,215441,0,0,547,47.7439,50.3777
27,215441,0,0,548,47.6637,50.4084
27,215441,0,0,549,47.6622,50.4169
27,215441,0,0,550,47.675,50.4207
27,215441,0,0,551,47.653,50.4219
27,215441,0,0,552,47.6562,50.4288
27,215441,0,0,553,47.6406,50.4359
27,215441,0,0,554,47.6494,50.448
27,215441,0,0,555,47.6303,50.4438
27,215441,0,0,556,47.625,50.4486
27,215441,0,0,557,47.6406,50.4504
27,215441,0,0,558,47.6373,50.4554
27,215441,0,0,559,47.6138,50.4577
27,215441,0,0,560,47.6118,50.4642
27,215441,0,0,561,47.542,50.4608
27,215441,0,0,562,47.5078,50.4341
27,215441,0,0,563,47.473,50.4203
27,215441,0,0,564,47.4187,50.3651
27,215441,0,0,565,47.4068,50.3366
27,215441,0,0,566,47.3801,50.328
27,215441,0,0,567,47.3403,50.3322
27,215441,0,0,568,47.307,50.3089
27,215441,0,0,569,47.292,50.2837
27,215441,0,0,570,47.2954,50.2746
27,215441,0,0,571,47.3351,50.238
27,215441,0,0,572,47.2573,50.1918
27,215441,0,0,573,47.3176,50.152
27,215441,0,0,574,47.3534,50.0943
27,215441,0,0,575,47.1825,49.935
27,215441,0,0,576,46.9574,49.8713
27,215441,0,0,577,46.9295,49.8747
27,215441,0,0,578,46.9026,49.8638
27,215441,0,0,579,46.8702,49.743
27,215441,0,0,580,46.8579,49.6436
27,215441,0,0,581,46.8443,49.6065
27,215441,0,0,582,46.8372,49.6066
27,215441,0,0,583,46.8389,49.5657
27,215441,0,0,584,46.8293,49.5656
27,215441,0,0,585,46.7822,49.3399
27,215441,0,0,586,46.9146,49.2829
27,215441,0,0,587,46.9962,49.2324
27,215441,0,0,588,47.0513,49.1656
27,215441,0,0,589,47.0287,49.0892
27,215441,0,0,590,46.972,49.0273
27,215441,0,0,591,46.8926,48.9821
27,215441,0,0,592,46.7792,48.9514
27,215441,0,0,593,46.4932,48.4326
31,215722,0,0,0,69.0671,45.9999
31,215722,0,0,1,69.25,45.7692
31,215722,0,0,2,69.2666,45.7694
31,215722,0,0,3,69.3586,45.4974
31,215722,0,0,4,69.4644,45.3384
31,215722,0,0,5,69.5388,45.1549
31,215722,0,0,6,69.5925,44.9559
31,215722,0,0,7,69.6527,44.888
31,215722,0,0,8,69.717,44.6539
31,215722,0,0,9,69.8248,44.1606
31,215722,0,0,10,69.7682,44.1248
31,215722,0,0,11,69.7642,44.0988
31,215722,0,0,12,69.7068,44.0273
31,215722,0,0,13,69.7337,43.9875
31,215722,0,0,14,69.7017,43.9261
31,215722,0,0,15,69.6798,43.8201
31,215722,0,0,16,69.6804,43.7635
31,215722,0,0,17,69.6446,43.7249
31,215722,0,0,18,69.6159,43.6765
31,215722,0,0,19,69.5573,43.5559
31,215722,0,0,20,69.5158,43.509
31,215722,0,0,21,69.4505,43.4638
31,215722,0,0,22,69.4339,43.4313
31,215722,0,0,23,69.5424,43.412
31,215722,0,0,24,69.5269,43.3696
31,215722,0,0,25,69.5354,43.3306
31,215722,0,0,26,69.5294,43.3094
31,215722,0,0,27,69.5613,43.2922
31,215722,0,0,28,69.6267,43.3033
31,215722,0,0,29,69.6374,43.2838
31,215722,0,0,30,69.6345,43.2503
31,215722,0,0,31,69.6729,43.2608
31,215722,0,0,32,69.7311,43.2594
31,215722,0,0,33,69.7591,43.2431
31,215722,0,0,34,69.7893,43.2427
31,215722,0,0,35,69.8212,43.2267
31,215722,0,0,36,69.8484,43.2679
31,215722,0,0,37,69.8859,43.2584
31,215722,0,0,38,69.9047,43.2295
31,215722,0,0,39,69.9134,43.233
31,215722,0,0,40,69.9091,43.2232
31,215722,0,0,41,69.9169,43.2113
31,215722,0,0,42,69.9896,43.2126
31,215722,0,0,43,70.009,43.182
31,215722,0,0,44,70.0044,43.1705
31,215722,0,0,45,70.0478,43.1489
31,215722,0,0,46,70.0733,43.1496
31,215722,0,0,47,70.0639,43.1169
31,215722,0,0,48,70.1245,43.0738
31,215722,0,0,49,70.15,43.0926
31,215722,0,0,50,70.1773,43.0541
31,215722,0,0,51,70.1446,43.0282
31,215722,0,0,52,70.1742,43.0191
31,215722,0,0,53,70.1859,42.9982
31,215722,0,0,54,70.1982,43.0065
31,215722,0,0,55,70.1954,42.9979
31,215722,0,0,56,70.2038,42.9912
31,215722,0,0,57,70.1906,42.9844
31,215722,0,0,58,70.2072,42.9666
31,215722,0,0,59,70.1988,42.9536
31,215722,0,0,60,70.2246,42.9429
31,215722,0,0,61,70.2288,42.9236
31,215722,0,0,62,70.2213,42.904
31,215722,0,0,63,70.236,42.8843
31,215722,0,0,64,70.2513,42.878
31,215722,0,0,65,70.2209,42.872
31,215722,0,0,66,70.2019,42.8564
31,215722,0,0,67,70.2159,42.8277
31,215722,0,0,68,70.1939,42.8112
31,215722,0,0,69,70.2344,42.7937
31,215722,0,0,70,70.2066,42.747
31,215722,0,0,71,70.2365,42.7302
31,215722,0,0,72,70.238,42.7206
31,215722,0,0,73,70.2945,42.7191
31,215722,0,0,74,70.3232,42.6931
31,215722,0,0,75,70.346,42.6962
31,215722,0,0,76,70.3798,42.6852
31,215722,0,0,77,70.4097,42.6548
31,215722,0,0,78,70.446,42.648
31,215722,0,0,79,70.5165,42.6037
31,215722,0,0,80,70.5026,42.5974
31,215722,0,0,81,70.5247,42.5845
31,215722,0,0,82,70.5413,42.5866
31,215722,0,0,83,70.5568,42.5559
31,215722,0,0,84,70.6199,42.5316
31,215722,0,0,85,70.6439,42.5014
31,215722,0,0,86,70.6669,42.4522
31,215722,0,0,87,70.7219,42.4588
31,215722,0,0,88,70.7714,42.4503
31,215722,0,0,89,70.7871,42.4387
31,215722,0,0,90,70.7934,42.4142
31,215722,0,0,91,70.7789,42.3926
31,215722,0,0,92,70.8431,42.3263
31,215722,0,0,93,70.8656,42.3201
31,215722,0,0,94,70.8813,42.3275
31,215722,0,0,95,70.8824,42.3483
31,215722,0,0,96,70.894,42.3637
31,215722,0,0,97,70.9208,42.3715
31,215722,0,0,98,70.9329,42.3916
31,215722,0,0,99,70.9547,42.3988
31,215722,0,0,100,70.9329,42.418
31,215722,0,0,101,70.9535,42.4329
31,215722,0,0,102,70.9801,42.4976
31,215722,0,0,103,71.0809,42.4757
31,215722,0,0,104,71.089,42.4844
31,215722,0,0,105,71.044,42.534
31,215722,0,0,106,71.0004,42.5583
31,215722,0,0,107,71.0026,42.5876
31,215722,0,0,108,71.0522,42.5996
31,215722,0,0,109,71.1567,42.6052
31,215722,0,0,110,71.1599,42.5898
31,215722,0,0,111,71.1821,42.6175
31,215722,0,0,112,71.1781,42.6731
31,215722,0,0,113,71.2195,42.6849
31,215722,0,0,114,71.2667,42.727
31,215722,0,0,115,71.2653,42.7381
31,215722,0,0,116,71.2757,42.743
31,215722,0,0,117,71.27,42.772
31,215722,0,0,118,71.3024,42.7559
31,215722,0,0,119,71.3061,42.7637
31,215722,0,0,120,71.3333,42.7558
31,215722,0,0,121,71.3451,42.7665
31,215722,0,0,122,71.3695,42.762
31,215722,0,0,123,71.3818,42.7983
31,215722,0,0,124,71.47,42.7848
31,215722,0,0,125,71.4987,42.7952
31,215722,0,0,126,71.5088,42.7919
31,215722,0,0,127,71.5422,42.8085
31,215722,0,0,128,71.5651,42.7808
31,215722,0,0,129,71.5801,42.7854
31,215722,0,0,130,71.5988,42.7724
31,215722,0,0,131,71.6503,42.7928
31,215722,0,0,132,71.6819,42.8172
31,215722,0,0,133,71.7123,42.8101
31,215722,0,0,134,71.7725,42.8166
31,215722,0,0,135,71.8117,42.8359
31,215722,0,0,136,71.8361,42.8386
31,215722,0,0,137,71.939,42.8141
31,215722,0,0,138,71.9847,42.7841
31,215722,0,0,139,72.0569,42.7689
31,215722,0,0,140,72.0886,42.7443
31,215722,0,0,141,72.1204,42.7365
31,215722,0,0,142,72.1451,42.7397
31,215722,0,0,143,72.1661,42.7544
31,215722,0,0,144,72.282,42.7593
31,215722,0,0,145,72.4156,42.7102
31,215722,0,0,146,72.458,42.7041
31,215722,0,0,147,72.5081,42.6705
31,215722,0,0,148,72.5209,42.6837
31,215722,0,0,149,72.543,42.6786
31,215722,0,0,150,72.5778,42.6874
31,215722,0,0,151,72.6519,42.6735
31,215722,0,0,152,72.6719,42.6584
31,215722,0,0,153,72.7159,42.6438
31,215722,0,0,154,72.7367,42.6466
31,215722,0,0,155,72.7575,42.6351
31,215722,0,0,156,72.7684,42.6132
31,215722,0,0,157,72.8254,42.5586
31,215722,0,0,158,72.8698,42.5591
31,215722,0,0,159,72.9103,42.5359
31,215722,0,0,160,72.9805,42.53
31,215722,0,0,161,73.022,42.5391
31,215722,0,0,162,73.0506,42.5333
31,215722,0,0,163,73.1086,42.542
31,215722,0,0,164,73.2245,42.5154
31,215722,0,0,165,73.2336,42.5232
31,215722,0,0,166,73.2793,42.511
31,215722,0,0,167,73.308,42.5117
31,215722,0,0,168,73.3159,42.503
31,215722,0,0,169,73.3096,42.4889
31,215722,0,0,170,73.3133,42.4627
31,215722,0,0,171,73.3058,42.4512
31,215722,0,0,172,73.3122,42.4414
31,215722,0,0,173,73.3254,42.4429
31,215722,0,0,174,73.3438,42.4292
31,215722,0,0,175,73.3829,42.4213
31,215722,0,0,176,73.3955,42.4289
31,215722,0,0,177,73.4432,42.425
31,215722,0,0,178,73.4664,42.4096
31,215722,0,0,179,73.5022,42.4177
31,215722,0,0,180,73.5065,42.4247
31,215722,0,0,181,73.5135,42.4181
31,215722,0,0,182,73.5208,42.4218
31,215722,0,0,183,73.5167,42.4354
31,215722,0,0,184,73.5022,42.4555
31,215722,0,0,185,73.477,42.4632
31,215722,0,0,186,73.4336,42.5176
31,215722,0,0,187,73.4284,42.5535
31,215722,0,0,188,73.4174,42.5698
31,215722,0,0,189,73.427,42.5893
31,215722,0,0,190,73.4234,42.6413
31,215722,0,0,191,73.4427,42.6643
31,215722,0,0,192,73.4665,42.7312
31,215722,0,0,193,73.5012,42.7671
31,215722,0,0,194,73.5139,42.8512
31,215722,0,0,195,73.5051,42.8855
31,215722,0,0,196,73.4939,42.8942
31,215722,0,0,197,73.4994,42.9076
31,215722,0,0,198,73.4923,42.9153
31,215722,0,0,199,73.5344,42.9442
31,215722,0,0,200,73.5486,42.9668
31,215722,0,0,201,73.5378,42.9785
31,215722,0,0,202,73.5416,43.0214
31,215722,0,0,203,73.8282,43.1291
31,215722,0,0,204,73.8381,43.1177
31,215722,0,0,205,73.9055,43.1097
31,215722,0,0,206,73.9489,43.1655
31,215722,0,0,207,73.9595,43.2006
31,215722,0,0,208,73.9549,43.2102
31,215722,0,0,209,73.9702,43.2228
31,215722,0,0,210,74.0426,43.172
31,215722,0,0,211,74.0749,43.187
31,215722,0,0,212,74.1701,43.1988
31,215722,0,0,213,74.2108,43.1959
31,215722,0,0,214,74.222,43.2052
31,215722,0,0,215,74.1927,43.2555
31,215722,0,0,216,74.2039,43.2669
31,215722,0,0,217,74.2305,43.2519
31,215722,0,0,218,74.2511,43.2542
31,215722,0,0,219,74.2616,43.2434
31,215722,0,0,220,74.282,43.2496
31,215722,0,0,221,74.3084,43.2163
31,215722,0,0,222,74.3327,43.2195
31,215722,0,0,223,74.3308,43.2131
31,215722,0,0,224,74.3533,43.1986
31,215722,0,0,225,74.3727,43.2007
31,215722,0,0,226,74.4037,43.1897
31,215722,0,0,227,74.3999,43.1825
31,215722,0,0,228,74.4152,43.1705
31,215722,0,0,229,74.4244,43.174
31,215722,0,0,230,74.4301,43.1654
31,215722,0,0,231,74.4749,43.153
31,215722,0,0,232,74.4962,43.1574
31,215722,0,0,233,74.5361,43.1366
31,215722,0,0,234,74.549,43.142
31,215722,0,0,235,74.5634,43.1393
31,215722,0,0,236,74.5657,43.1302
31,215722,0,0,237,74.5775,43.1329
31,215722,0,0,238,74.6154,43.0851
31,215722,0,0,239,74.6348,43.0795
31,215722,0,0,240,74.6439,43.0598
31,215722,0,0,241,74.6718,43.0415
31,215722,0,0,242,74.6967,43.0364
31,215722,0,0,243,74.7494,42.9899
31,215722,0,0,244,74.7848,43.0017
31,215722,0,0,245,74.8533,42.9999
31,215722,0,0,246,74.9229,42.9692
31,215722,0,0,247,74.9231,42.9627
31,215722,0,0,248,74.9369,42.9639
31,215722,0,0,249,75.0369,42.9206
31,215722,0,0,250,75.0823,42.9144
31,215722,0,0,251,75.1369,42.8854
31,215722,0,0,252,75.1909,42.8751
31,215722,0,0,253,75.1972,42.8652
31,215722,0,0,254,75.2313,42.8536
31,215722,0,0,255,75.2974,42.8612
31,215722,0,0,256,75.4551,42.8361
31,215722,0,0,257,75.4841,42.8434
31,215722,0,0,258,75.7168,42.7973
31,215722,0,0,259,75.7614,42.8335
31,215722,0,0,260,75.7863,42.8992
31,215722,0,0,261,75.8241,42.9394
31,215722,0,0,262,75.7728,42.9407
31,215722,0,0,263,75.7738,42.9728
31,215722,0,0,264,75.7538,42.9603
31,215722,0,0,265,75.7236,42.9566
31,215722,0,0,266,75.6561,42.9807
31,215722,0,0,267,75.5468,42.9816
31,215722,0,0,268,75.5462,42.9885
31,215722,0,0,269,75.5776,42.989
31,215722,0,0,270,75.6012,42.9992
31,215722,0,0,271,75.6561,43.0437
31,215722,0,0,272,75.5625,43.0829
31,215722,0,0,273,75.5326,43.0826
31,215722,0,0,274,75.4622,43.1219
31,215722,0,0,275,75.4232,43.1205
31,215722,0,0,276,75.3494,43.146
31,215722,0,0,277,75.338,43.1607
31,215722,0,0,278,75.3306,43.1953
31,215722,0,0,279,75.2945,43.2133
31,215722,0,0,280,75.3306,43.2529
31,215722,0,0,281,75.2811,43.2631
31,215722,0,0,282,75.2777,43.3154
31,215722,0,0,283,75.2941,43.3757
31,215722,0,0,284,75.3498,43.4048
31,215722,0,0,285,75.419,43.471
31,215722,0,0,286,75.3887,43.5349
31,215722,0,0,287,75.3054,43.529
31,215722,0,0,288,75.2424,43.5367
31,215722,0,0,289,75.2387,43.5905
31,215722,0,0,290,75.1809,43.5907
31,215722,0,0,291,75.1841,43.5433
31,215722,0,0,292,75.133,43.5663
31,215722,0,0,293,75.0854,43.5691
31,215722,0,0,294,74.9972,43.6103
31,215722,0,0,295,74.9973,43.651
31,215722,0,0,296,75.1983,43.7735
31,215722,0,0,297,75.2681,43.8246
31,215722,0,0,298,75.2695,43.8437
31,215722,0,0,299,75.2853,43.8613
31,215722,0,0,300,75.273,43.9487
31,215722,0,0,301,75.3068,43.9873
31,215722,0,0,302,75.3158,44.0184
31,215722,0,0,303,75.3071,44.148
31,215722,0,0,304,75.2138,44.1942
31,215722,0,0,305,75.1267,44.26
31,215722,0,0,306,75.1128,44.2604
31,215722,0,0,307,75.0365,44.3085
31,215722,0,0,308,75.0042,44.317
31,215722,0,0,309,74.9976,44.3266
31,215722,0,0,310,74.9415,44.3436
31,215722,0,0,311,74.751,44.3578
31,215722,0,0,312,74.5197,44.4858
31,215722,0,0,313,74.5107,44.5228
31,215722,0,0,314,74.4938,44.5261
31,215722,0,0,315,74.5201,44.5831
31,215722,0,0,316,74.5122,44.6669
31,215722,0,0,317,74.5226,44.6987
31,215722,0,0,318,74.4026,44.8012
31,215722,0,0,319,74.3893,44.7953
31,215722,0,0,320,74.3057,44.849
31,215722,0,0,321,74.1335,44.9133
31,215722,0,0,322,74.1394,44.9534
31,215722,0,0,323,74.1182,44.968
31,215722,0,0,324,74.0875,45.1271
31,215722,0,0,325,73.893,45.1252
31,215722,0,0,326,73.755,45.1044
31,215722,0,0,327,73.722,45.2208
31,215722,0,0,328,73.7527,45.2888
31,215722,0,0,329,74.031,45.288
31,215722,0,0,330,73.9842,45.3816
31,215722,0,0,331,73.9015,45.7465
31,215722,0,0,332,74.0147,45.8904
31,215722,0,0,333,74.0606,46.001
31,215722,0,0,334,71.326,46.0073
31,215722,0,0,335,69.0671,45.9999
33,14312169,0,0,0,76.1717,45.6835
33,14312169,0,0,1,76.1835,45.6228
33,14312169,0,0,2,76.2654,45.4539
33,14312169,0,0,3,76.3964,45.3855
33,14312169,0,0,4,76.4839,45.2932
33,14312169,0,0,5,76.482,45.2607
33,14312169,0,0,6,76.526,45.1901
33,14312169,0,0,7,76.5456,45.0817
33,14312169,0,0,8,76.5571,45.0775
33,14312169,0,0,9,76.5684,45.0348
33,14312169,0,0,10,76.61,45.0389
33,14312169,0,0,11,76.6465,45.0227
33,14312169,0,0,12,76.7292,45.0276
33,14312169,0,0,13,76.8202,44.9586
33,14312169,0,0,14,76.8782,44.88
33,14312169,0,0,15,76.8376,44.8477
33,14312169,0,0,16,76.8466,44.7545
33,14312169,0,0,17,76.9143,44.6607
33,14312169,0,0,18,76.9148,44.6384
33,14312169,0,0,19,76.9268,44.6298
33,14312169,0,0,20,76.921,44.6131
33,14312169,0,0,21,76.9357,44.6069
33,14312169,0,0,22,76.9421,44.5834
33,14312169,0,0,23,76.9332,44.5711
33,14312169,0,0,24,77.1113,44.4643
33,14312169,0,0,25,77.1781,44.4458
33,14312169,0,0,26,77.1798,44.3728
33,14312169,0,0,27,77.2092,44.3441
33,14312169,0,0,28,77.2923,44.3574
33,14312169,0,0,29,77.2945,44.3488
33,14312169,0,0,30,77.3786,44.338
33,14312169,0,0,31,77.3707,44.3044
33,14312169,0,0,32,77.3907,44.2748
33,14312169,0,0,33,77.3882,44.266
33,14312169,0,0,34,77.3384,44.2165
33,14312169,0,0,35,77.3579,44.2118
33,14312169,0,0,36,77.3521,44.1577
33,14312169,0,0,37,77.5679,44.0914
33,14312169,0,0,38,77.6079,44.0725
33,14312169,0,0,39,77.6158,44.0364
33,14312169,0,0,40,77.7275,44.0688
33,14312169,0,0,41,77.8372,44.0151
33,14312169,0,0,42,77.8238,43.986
33,14312169,0,0,43,77.7884,43.9544
33,14312169,0,0,44,77.7779,43.9235
33,14312169,0,0,45,77.8286,43.9173
33,14312169,0,0,46,77.8508,43.8501
33,14312169,0,0,47,77.8869,43.8572
33,14312169,0,0,48,77.9067,43.8751
33,14312169,0,0,49,77.9313,43.8808
33,14312169,0,0,50,77.9582,43.8712
33,14312169,0,0,51,78.062,43.8652
33,14312169,0,0,52,78.1881,43.8815
33,14312169,0,0,53,78.2337,43.8976
33,14312169,0,0,54,78.3373,43.8928
33,14312169,0,0,55,78.3416,43.8796
33,14312169,0,0,56,78.3922,43.878
33,14312169,0,0,57,78.4458,43.8557
33,14312169,0,0,58,78.4665,43.8606
33,14312169,0,0,59,78.4994,43.8392
33,14312169,0,0,60,78.5371,43.85
33,14312169,0,0,61,78.6295,43.8237
33,14312169,0,0,62,78.6554,43.835
33,14312169,0,0,63,78.7114,43.8342
33,14312169,0,0,64,78.7608,43.8481
33,14312169,0,0,65,78.8277,43.8378
33,14312169,0,0,66,78.8548,43.8516
33,14312169,0,0,67,78.9175,43.846
33,14312169,0,0,68,78.9949,43.8546
33,14312169,0,0,69,79.0298,43.8315
33,14312169,0,0,70,79.0482,43.8335
33,14312169,0,0,71,79.0602,43.8447
33,14312169,0,0,72,79.0761,43.844
33,14312169,0,0,73,79.0904,43.8327
33,14312169,0,0,74,79.1432,43.8313
33,14312169,0,0,75,79.1969,43.8504
33,14312169,0,0,76,79.2188,43.8709
33,14312169,0,0,77,79.2535,43.8621
33,14312169,0,0,78,79.2911,43.9012
33,14312169,0,0,79,79.3628,43.9069
33,14312169,0,0,80,79.3967,43.9177
33,14312169,0,0,81,79.4025,43.9274
33,14312169,0,0,82,79.4546,43.9537
33,14312169,0,0,83,79.5009,43.9527
33,14312169,0,0,84,79.5175,43.9751
33,14312169,0,0,85,79.5633,43.9787
33,14312169,0,0,86,79.664,43.9463
33,14312169,0,0,87,79.678,43.9321
33,14312169,0,0,88,79.7197,43.9304
33,14312169,0,0,89,79.7289,43.8965
33,14312169,0,0,90,79.7468,43.8926
33,14312169,0,0,91,79.7827,43.8658
33,14312169,0,0,92,79.8202,43.8613
33,14312169,0,0,93,79.8402,43.8369
33,14312169,0,0,94,79.8729,43.8236
33,14312169,0,0,95,79.9026,43.831
33,14312169,0,0,96,79.9253,43.8247
33,14312169,0,0,97,79.9128,43.8091
33,14312169,0,0,98,79.9148,43.7995
33,14312169,0,0,99,79.9396,43.8026
33,14312169,0,0,100,79.9521,43.82
33,14312169,0,0,101,79.9639,43.82
33,14312169,0,0,102,79.985,43.8101
33,14312169,0,0,103,79.9967,43.7928
33,14312169,0,0,104,80.0056,43.7979
33,14312169,0,0,105,80.0014,43.8127
33,14312169,0,0,106,80.0101,43.8154
33,14312169,0,0,107,80.0391,43.8099
33,14312169,0,0,108,80.0386,43.7939
33,14312169,0,0,109,80.0678,43.8036
33,14312169,0,0,110,80.0774,43.7999
33,14312169,0,0,111,80.0879,43.7811
33,14312169,0,0,112,80.0949,43.7819
33,14312169,0,0,113,80.1035,43.8014
33,14312169,0,0,114,80.1349,43.7839
33,14312169,0,0,115,80.1734,43.8042
33,14312169,0,0,116,80.1874,43.7967
33,14312169,0,0,117,80.1964,43.7604
33,14312169,0,0,118,80.2209,43.7746
33,14312169,0,0,119,80.2288,43.772
33,14312169,0,0,120,80.2307,43.7597
33,14312169,0,0,121,80.2683,43.7576
33,14312169,0,0,122,80.28,43.7729
33,14312169,0,0,123,80.3165,43.7616
33,14312169,0,0,124,80.322,43.7772
33,14312169,0,0,125,80.3421,43.7725
33,14312169,0,0,126,80.384,43.7777
33,14312169,0,0,127,80.3946,43.788
33,14312169,0,0,128,80.4128,43.7852
33,14312169,0,0,129,80.4102,43.7977
33,14312169,0,0,130,80.4224,43.804
33,14312169,0,0,131,80.4369,43.8016
33,14312169,0,0,132,80.4419,43.7927
33,14312169,0,0,133,80.4735,43.7943
33,14312169,0,0,134,80.4764,43.7844
33,14312169,0,0,135,80.4849,43.7834
33,14312169,0,0,136,80.5084,43.8068
33,14312169,0,0,137,80.5059,43.817
33,14312169,0,0,138,80.5227,43.8221
33,14312169,0,0,139,80.5211,43.8574
33,14312169,0,0,140,80.5044,43.8748
33,14312169,0,0,141,80.5125,43.8822
33,14312169,0,0,142,80.5132,43.8994
33,14312169,0,0,143,80.4719,43.9368
33,14312169,0,0,144,80.4836,43.9558
33,14312169,0,0,145,80.4559,43.9752
33,14312169,0,0,146,80.4615,43.9776
33,14312169,0,0,147,80.4522,43.9847
33,14312169,0,0,148,80.454,44.0005
33,14312169,0,0,149,80.4466,44.0099
33,14312169,0,0,150,80.4549,44.0199
33,14312169,0,0,151,80.4512,44.0285
33,14312169,0,0,152,80.4581,44.0305
33,14312169,0,0,153,80.4485,44.0341
33,14312169,0,0,154,80.4553,44.0453
33,14312169,0,0,155,80.4452,44.0712
33,14312169,0,0,156,80.3962,44.1101
33,14312169,0,0,157,80.4027,44.1405
33,14312169,0,0,158,80.3956,44.1943
33,14312169,0,0,159,80.4065,44.2493
33,14312169,0,0,160,80.4035,44.2907
33,14312169,0,0,161,80.3914,44.3141
33,14312169,0,0,162,80.3776,44.41
33,14312169,0,0,163,80.3501,44.4597
33,14312169,0,0,164,80.3466,44.4813
33,14312169,0,0,165,80.3679,44.5047
33,14312169,0,0,166,80.3705,44.5324
33,14312169,0,0,167,80.3931,44.5672
33,14312169,0,0,168,80.3909,44.5907
33,14312169,0,0,169,80.4104,44.6092
33,14312169,0,0,170,80.3492,44.6667
33,14312169,0,0,171,80.337,44.6892
33,14312169,0,0,172,80.3102,44.7043
33,14312169,0,0,173,80.2354,44.7216
33,14312169,0,0,174,80.1936,44.75
33,14312169,0,0,175,80.1976,44.7607
33,14312169,0,0,176,80.1734,44.7939
33,14312169,0,0,177,80.1832,44.8235
33,14312169,0,0,178,80.1671,44.8275
33,14312169,0,0,179,80.164,44.8416
33,14312169,0,0,180,80.1142,44.8098
33,14312169,0,0,181,80.0781,44.8127
33,14312169,0,0,182,79.9954,44.7921
33,14312169,0,0,183,79.9952,44.8236
33,14312169,0,0,184,79.9558,44.8503
33,14312169,0,0,185,79.9447,44.85
33,14312169,0,0,186,79.9461,44.8663
33,14312169,0,0,187,79.9638,44.882
33,14312169,0,0,188,79.9322,44.8875
33,14312169,0,0,189,79.9143,44.9011
33,14312169,0,0,190,79.8859,44.8936
33,14312169,0,0,191,79.882,44.9107
33,14312169,0,0,192,79.9047,44.9287
33,14312169,0,0,193,79.935,44.9329
33,14312169,0,0,194,79.9557,44.9614
33,14312169,0,0,195,79.9808,44.9648
33,14312169,0,0,196,79.9888,44.9786
33,14312169,0,0,197,80.014,44.9805
33,14312169,0,0,198,80.0191,44.9909
33,14312169,0,0,199,80.0511,45.0057
33,14312169,0,0,200,80.0567,45.0141
33,14312169,0,0,201,80.0498,45.0204
33,14312169,0,0,202,80.0618,45.036
33,14312169,0,0,203,80.087,45.0333
33,14312169,0,0,204,80.0934,45.0478
33,14312169,0,0,205,80.1131,45.0482
33,14312169,0,0,206,80.1283,45.0393
33,14312169,0,0,207,80.1395,45.0574
33,14312169,0,0,208,80.1679,45.0388
33,14312169,0,0,209,80.1823,45.0417
33,14312169,0,0,210,80.1916,45.0284
33,14312169,0,0,211,80.2135,45.0233
33,14312169,0,0,212,80.2312,45.033
33,14312169,0,0,213,80.2403,45.0277
33,14312169,0,0,214,80.2607,45.054
33,14312169,0,0,215,80.3191,45.07
33,14312169,0,0,216,80.3449,45.0411
33,14312169,0,0,217,80.3818,45.0399
33,14312169,0,0,218,80.4379,45.075
33,14312169,0,0,219,80.4435,45.087
33,14312169,0,0,220,80.4378,45.0976
33,14312169,0,0,221,80.4796,45.1152
33,14312169,0,0,222,80.4889,45.1265
33,14312169,0,0,223,80.5117,45.106
33,14312169,0,0,224,80.5615,45.1128
33,14312169,0,0,225,80.6009,45.1046
33,14312169,0,0,226,80.6245,45.118
33,14312169,0,0,227,80.6345,45.1148
33,14312169,0,0,228,80.6979,45.1335
33,14312169,0,0,229,80.7264,45.154
33,14312169,0,0,230,80.7111,45.1702
33,14312169,0,0,231,80.728,45.1712
33,14312169,0,0,232,80.7733,45.1436
33,14312169,0,0,233,80.7949,45.1503
33,14312169,0,0,234,80.8335,45.1405
33,14312169,0,0,235,80.8543,45.1261
33,14312169,0,0,236,80.8771,45.131
33,14312169,0,0,237,80.8966,45.1247
33,14312169,0,0,238,80.929,45.1576
33,14312169,0,0,239,80.9517,45.1604
33,14312169,0,0,240,80.9569,45.1676
33,14312169,0,0,241,80.9966,45.1583
33,14312169,0,0,242,81.0554,45.1778
33,14312169,0,0,243,81.07,45.1724
33,14312169,0,0,244,81.0832,45.1944
33,14312169,0,0,245,81.1091,45.2011
33,14312169,0,0,246,81.1007,45.2152
33,14312169,0,0,247,81.1066,45.2219
33,14312169,0,0,248,81.1617,45.2056
33,14312169,0,0,249,81.1698,45.2128
33,14312169,0,0,250,81.1665,45.2243
33,14312169,0,0,251,81.2184,45.2362
33,14312169,0,0,252,81.2266,45.2479
33,14312169,0,0,253,81.2692,45.2367
33,14312169,0,0,254,81.3065,45.2468
33,14312169,0,0,255,81.3071,45.2541
33,14312169,0,0,256,81.3517,45.261
33,14312169,0,0,257,81.3767,45.2529
33,14312169,0,0,258,81.3884,45.271
33,14312169,0,0,259,81.421,45.2836
33,14312169,0,0,260,81.4383,45.2775
33,14312169,0,0,261,81.4373,45.268
33,14312169,0,0,262,81.4454,45.2637
33,14312169,0,0,263,81.4598,45.2639
33,14312169,0,0,264,81.4768,45.2756
33,14312169,0,0,265,81.5215,45.2825
33,14312169,0,0,266,81.5347,45.3059
33,14312169,0,0,267,81.5734,45.3074
33,14312169,0,0,268,81.5688,45.3253
33,14312169,0,0,269,81.5921,45.3405
33,14312169,0,0,270,81.6127,45.3419
33,14312169,0,0,271,81.6194,45.3516
33,14312169,0,0,272,81.6324,45.3566
33,14312169,0,0,273,81.6677,45.3515
33,14312169,0,0,274,81.6949,45.3691
33,14312169,0,0,275,81.7137,45.3589
33,14312169,0,0,276,81.7337,45.3657
33,14312169,0,0,277,81.7316,45.3747
33,14312169,0,0,278,81.7651,45.3748
33,14312169,0,0,279,81.7718,45.386
33,14312169,0,0,280,81.8036,45.3639
33,14312169,0,0,281,81.8297,45.3299
33,14312169,0,0,282,81.8316,45.3158
33,14312169,0,0,283,81.8849,45.2786
33,14312169,0,0,284,81.922,45.2289
33,14312169,0,0,285,81.9418,45.2362
33,14312169,0,0,286,82.0092,45.2336
33,14312169,0,0,287,82.0443,45.2542
33,14312169,0,0,288,82.0905,45.2455
33,14312169,0,0,289,82.081,45.2352
33,14312169,0,0,290,82.0818,45.2229
33,14312169,0,0,291,82.1001,45.2023
33,14312169,0,0,292,82.1098,45.2015
33,14312169,0,0,293,82.1512,45.2218
33,14312169,0,0,294,82.2202,45.2347
33,14312169,0,0,295,82.243,45.2305
33,14312169,0,0,296,82.2807,45.2431
33,14312169,0,0,297,82.3061,45.2346
33,14312169,0,0,298,82.3364,45.2077
33,14312169,0,0,299,82.4554,45.1874
33,14312169,0,0,300,82.4745,45.177
33,14312169,0,0,301,82.5601,45.2035
33,14312169,0,0,302,82.5824,45.2199
33,14312169,0,0,303,82.5877,45.3447
33,14312169,0,0,304,82.5428,45.421
33,14312169,0,0,305,82.4377,45.4597
33,14312169,0,0,306,82.28,45.5351
33,14312169,0,0,307,82.2021,45.546
33,14312169,0,0,308,82.154,45.5618
33,14312169,0,0,309,82.1396,45.6221
33,14312169,0,0,310,82.1208,45.6481
33,14312169,0,0,311,82.1244,45.7613
33,14312169,0,0,312,82.0968,45.7787
33,14312169,0,0,313,82.0267,45.85
33,14312169,0,0,314,81.978,45.8807
33,14312169,0,0,315,81.8848,46.1037
33,14312169,0,0,316,81.7599,46.1865
33,14312169,0,0,317,81.5369,46.3658
33,14312169,0,0,318,81.5127,46.4171
33,14312169,0,0,319,81.5566,46.4574
33,14312169,0,0,320,81.5639,46.4768
33,14312169,0,0,321,81.6029,46.5193
33,14312169,0,0,322,81.5599,46.4872
33,14312169,0,0,323,81.4726,46.4954
33,14312169,0,0,324,81.4693,46.4843
33,14312169,0,0,325,81.3995,46.4342
33,14312169,0,0,326,81.3778,46.445
33,14312169,0,0,327,81.4449,46.5205
33,14312169,0,0,328,81.4397,46.5265
33,14312169,0,0,329,81.412,46.5208
33,14312169,0,0,330,81.4131,46.5105
33,14312169,0,0,331,81.383,46.4896
33,14312169,0,0,332,81.3656,46.4594
33,14312169,0,0,333,81.3395,46.4525
33,14312169,0,0,334,81.3274,46.493
33,14312169,0,0,335,81.3095,46.5128
33,14312169,0,0,336,81.292,46.5133
33,14312169,0,0,337,81.2553,46.4896
33,14312169,0,0,338,81.2023,46.5128
33,14312169,0,0,339,81.1423,46.5601
33,14312169,0,0,340,81.1046,46.5656
33,14312169,0,0,341,80.8632,46.5628
33,14312169,0,0,342,80.591,46.667
33,14312169,0,0,343,80.2372,46.7838
33,14312169,0,0,344,80.2166,46.8045
33,14312169,0,0,345,80.1982,46.8092
33,14312169,0,0,346,80.191,46.8662
33,14312169,0,0,347,80.0107,46.9134
33,14312169,0,0,348,79.9159,46.8716
33,14312169,0,0,349,79.5718,46.8003
33,14312169,0,0,350,79.4704,46.7904
33,14312169,0,0,351,79.4473,46.8262
33,14312169,0,0,352,79.2902,46.9457
33,14312169,0,0,353,79.1386,47.0845
33,14312169,0,0,354,78.7708,47.0508
33,14312169,0,0,355,78.6916,47.0554
33,14312169,0,0,356,78.6552,47.1284
33,14312169,0,0,357,78.6123,47.1291
33,14312169,0,0,358,78.483,47.1581
33,14312169,0,0,359,78.4844,47.1692
33,14312169,0,0,360,78.3889,47.1997
33,14312169,0,0,361,78.2848,47.2514
33,14312169,0,0,362,78.2477,47.2843
33,14312169,0,0,363,78.2062,47.2814
33,14312169,0,0,364,78.1568,47.2463
33,14312169,0,0,365,78.0752,47.1685
33,14312169,0,0,366,78.0131,47.1824
33,14312169,0,0,367,77.9388,47.2549
33,14312169,0,0,368,77.8535,47.2191
33,14312169,0,0,369,77.7979,47.1742
33,14312169,0,0,370,77.7298,47.1752
33,14312169,0,0,371,77.6002,47.2022
33,14312169,0,0,372,77.528,47.1945
33,14312169,0,0,373,77.4658,47.1591
33,14312169,0,0,374,77.5556,46.6212
33,14312169,0,0,375,77.3967,46.6077
33,14312169,0,0,376,77.3385,46.6134
33,14312169,0,0,377,77.2824,46.5848
33,14312169,0,0,378,77.2635,46.5428
33,14312169,0,0,379,77.1069,46.546
33,14312169,0,0,380,77.106,46.5697
33,14312169,0,0,381,77.0725,46.6228
33,14312169,0,0,382,77.004,46.6466
33,14312169,0,0,383,76.9771,46.6331
33,14312169,0,0,384,76.9748,46.6203
33,14312169,0,0,385,76.942,46.6174
33,14312169,0,0,386,76.8785,46.6322
33,14312169,0,0,387,76.8331,46.678
33,14312169,0,0,388,76.82,46.6711
33,14312169,0,0,389,76.8706,46.6221
33,14312169,0,0,390,76.8931,46.6159
33,14312169,0,0,391,76.9466,46.5519
33,14312169,0,0,392,76.9319,46.5383
33,14312169,0,0,393,76.8386,46.585
33,14312169,0,0,394,76.7007,46.6275
33,14312169,0,0,395,76.697,46.6469
33,14312169,0,0,396,76.6046,46.6656
33,14312169,0,0,397,76.5252,46.6426
33,14312169,0,0,398,76.5377,46.5934
33,14312169,0,0,399,76.4814,46.6271
33,14312169,0,0,400,76.4335,46.6434
33,14312169,0,0,401,76.3897,46.6155
33,14312169,0,0,402,76.3774,46.6221
33,14312169,0,0,403,76.3852,46.6488
33,14312169,0,0,404,76.3674,46.6911
33,14312169,0,0,405,76.3169,46.6548
33,14312169,0,0,406,76.2252,46.6385
33,14312169,0,0,407,76.217,46.562
33,14312169,0,0,408,76.2338,46.4783
33,14312169,0,0,409,76.1808,46.4526
33,14312169,0,0,410,76.1962,45.7317
33,14312169,0,0,411,76.1717,45.6835
35,215776,0,0,0,67.3991,49.9155
35,215776,0,0,1,67.4432,49.8807
35,215776,0,0,2,67.4468,49.8628
35,215776,0,0,3,67.4722,49.8488
35,215776,0,0,4,67.5484,49.764
35,215776,0,0,5,67.5485,49.7258
35,215776,0,0,6,67.6209,49.6969
35,215776,0,0,7,67.6654,49.6981
35,215776,0,0,8,67.7372,49.5517
35,215776,0,0,9,67.8836,49.4212
35,215776,0,0,10,67.9306,49.309
35,215776,0,0,11,67.9108,49.2082
35,215776,0,0,12,67.9434,49.1764
35,215776,0,0,13,68.3629,49.1475
35,215776,0,0,14,68.7164,48.8661
35,215776,0,0,15,68.9047,48.7963
35,215776,0,0,16,69.1554,48.798
35,215776,0,0,17,69.2943,48.6884
35,215776,0,0,18,69.4238,48.6436
35,215776,0,0,19,69.7724,48.7169
35,215776,0,0,20,69.8179,48.7727
35,215776,0,0,21,69.8255,48.7988
35,215776,0,0,22,69.8753,48.7966
35,215776,0,0,23,70.4286,48.8577
35,215776,0,0,24,70.4965,48.9931
35,215776,0,0,25,70.5546,49.1391
35,215776,0,0,26,70.5494,49.3909
35,215776,0,0,27,70.6821,49.3861
35,215776,0,0,28,70.7702,49.3647
35,215776,0,0,29,70.7763,49.3095
35,215776,0,0,30,70.8185,49.2598
35,215776,0,0,31,70.9439,49.2228
35,215776,0,0,32,71.0045,49.1715
35,215776,0,0,33,71.6401,49.2375
35,215776,0,0,34,71.6289,49.1788
35,215776,0,0,35,71.6682,49.1645
35,215776,0,0,36,71.9424,49.1697
35,215776,0,0,37,71.9422,49.0421
35,215776,0,0,38,72.0205,49.0013
35,215776,0,0,39,71.9854,48.969
35,215776,0,0,40,71.9959,48.9518
35,215776,0,0,41,72.0127,48.9521
35,215776,0,0,42,72.0406,48.9249
35,215776,0,0,43,72.0966,48.9281
35,215776,0,0,44,72.1046,48.8316
35,215776,0,0,45,72.0605,48.8297
35,215776,0,0,46,72.0686,48.8055
35,215776,0,0,47,72.1002,48.7917
35,215776,0,0,48,72.1095,48.7386
35,215776,0,0,49,72.0389,48.7344
35,215776,0,0,50,72.0368,48.7149
35,215776,0,0,51,72.0021,48.7126
35,215776,0,0,52,72.0117,48.6263
35,215776,0,0,53,72.0013,48.5003
35,215776,0,0,54,71.9539,48.3491
35,215776,0,0,55,71.8423,48.3197
35,215776,0,0,56,71.8635,48.2988
35,215776,0,0,57,71.8599,48.2911
35,215776,0,0,58,71.8665,48.2842
35,215776,0,0,59,71.9074,48.2553
35,215776,0,0,60,71.8992,48.2301
35,215776,0,0,61,71.9078,48.2089
35,215776,0,0,62,71.9326,48.1977
35,215776,0,0,63,71.9681,48.1663
35,215776,0,0,64,71.9665,48.1467
35,215776,0,0,65,71.9778,48.1229
35,215776,0,0,66,71.9623,48.0646
35,215776,0,0,67,71.9409,48.038
35,215776,0,0,68,71.9711,48.0238
35,215776,0,0,69,71.9919,47.998
35,215776,0,0,70,71.9931,47.9789
35,215776,0,0,71,72.0247,47.9626
35,215776,0,0,72,72.043,47.9372
35,215776,0,0,73,72.0724,47.849
35,215776,0,0,74,72.0942,47.839
35,215776,0,0,75,72.1226,47.7994
35,215776,0,0,76,72.0586,47.7955
35,215776,0,0,77,71.9997,47.7763
35,215776,0,0,78,71.9664,47.7782
35,215776,0,0,79,71.8961,47.743
35,215776,0,0,80,71.8833,47.7201
35,215776,0,0,81,71.8574,47.7056
35,215776,0,0,82,71.8186,47.6988
35,215776,0,0,83,71.7871,47.7025
35,215776,0,0,84,71.7166,47.5191
35,215776,0,0,85,71.5767,47.5434
35,215776,0,0,86,71.3813,47.6562
35,215776,0,0,87,71.3617,47.5353
35,215776,0,0,88,71.3067,47.3952
35,215776,0,0,89,71.3092,47.1418
35,215776,0,0,90,71.3241,46.8873
35,215776,0,0,91,71.3468,46.7196
35,215776,0,0,92,71.285,46.504
35,215776,0,0,93,71.3297,46.3266
35,215776,0,0,94,71.3119,46.222
35,215776,0,0,95,71.326,46.0073
35,215776,0,0,96,74.0606,46.001
35,215776,0,0,97,74.0825,46.0404
35,215776,0,0,98,74.1657,46.1383
35,215776,0,0,99,74.7436,46.5264
35,215776,0,0,100,75.0189,46.5573
35,215776,0,0,101,75.327,46.6821
35,215776,0,0,102,75.5222,46.7075
35,215776,0,0,103,75.6099,46.6935
35,215776,0,0,104,76.0491,46.7381
35,215776,0,0,105,76.2252,46.6385
35,215776,0,0,106,76.3169,46.6548
35,215776,0,0,107,76.3674,46.6911
35,215776,0,0,108,76.3852,46.6488
35,215776,0,0,109,76.3774,46.6221
35,215776,0,0,110,76.3897,46.6155
35,215776,0,0,111,76.4335,46.6434
35,215776,0,0,112,76.4814,46.6271
35,215776,0,0,113,76.5377,46.5934
35,215776,0,0,114,76.5252,46.6426
35,215776,0,0,115,76.6046,46.6656
35,215776,0,0,116,76.697,46.6469
35,215776,0,0,117,76.7007,46.6275
35,215776,0,0,118,76.8386,46.585
35,215776,0,0,119,76.9319,46.5383
35,215776,0,0,120,76.9466,46.5519
35,215776,0,0,121,76.8931,46.6159
35,215776,0,0,122,76.8706,46.6221
35,215776,0,0,123,76.82,46.6711
35,215776,0,0,124,76.8331,46.678
35,215776,0,0,125,76.8785,46.6322
35,215776,0,0,126,76.942,46.6174
35,215776,0,0,127,76.9748,46.6203
35,215776,0,0,128,76.9771,46.6331
35,215776,0,0,129,77.004,46.6466
35,215776,0,0,130,77.0725,46.6228
35,215776,0,0,131,77.106,46.5697
35,215776,0,0,132,77.1069,46.546
35,215776,0,0,133,77.2635,46.5428
35,215776,0,0,134,77.2824,46.5848
35,215776,0,0,135,77.3385,46.6134
35,215776,0,0,136,77.3967,46.6077
35,215776,0,0,137,77.5556,46.6212
35,215776,0,0,138,77.4658,47.1591
35,215776,0,0,139,77.3907,47.1474
35,215776,0,0,140,77.3279,47.1623
35,215776,0,0,141,77.2917,47.1825
35,215776,0,0,142,77.2302,47.1708
35,215776,0,0,143,77.1702,47.0754
35,215776,0,0,144,77.1257,47.0788
35,215776,0,0,145,76.8805,47.1724
35,215776,0,0,146,76.8312,47.2228
35,215776,0,0,147,76.7792,47.241
35,215776,0,0,148,76.8333,47.2667
35,215776,0,0,149,76.8666,47.3702
35,215776,0,0,150,76.8682,47.4156
35,215776,0,0,151,76.9627,47.4183
35,215776,0,0,152,77.0536,47.3957
35,215776,0,0,153,77.0187,47.5627
35,215776,0,0,154,76.9775,47.6424
35,215776,0,0,155,76.9772,47.6727
35,215776,0,0,156,77.046,47.8262
35,215776,0,0,157,77.046,47.8539
35,215776,0,0,158,77.1148,47.8501
35,215776,0,0,159,77.1405,47.9367
35,215776,0,0,160,77.194,47.9587
35,215776,0,0,161,77.1686,48.0171
35,215776,0,0,162,77.3374,48.0686
35,215776,0,0,163,77.2922,48.0976
35,215776,0,0,164,77.2282,48.1063
35,215776,0,0,165,77.1635,48.1033
35,215776,0,0,166,77.0644,48.1725
35,215776,0,0,167,77.0444,48.1988
35,215776,0,0,168,77.0601,48.2371
35,215776,0,0,169,77.1459,48.2411
35,215776,0,0,170,77.1622,48.273
35,215776,0,0,171,77.0356,48.2733
35,215776,0,0,172,76.9811,48.2878
35,215776,0,0,173,76.9355,48.3266
35,215776,0,0,174,76.8401,48.3672
35,215776,0,0,175,76.8217,48.403
35,215776,0,0,176,76.8904,48.4117
35,215776,0,0,177,76.9006,48.427
35,215776,0,0,178,76.8969,48.4672
35,215776,0,0,179,76.9041,48.4828
35,215776,0,0,180,76.9601,48.5022
35,215776,0,0,181,77.1575,48.4908
35,215776,0,0,182,77.3166,48.6299
35,215776,0,0,183,77.3005,48.6489
35,215776,0,0,184,77.3183,48.681
35,215776,0,0,185,77.3084,48.7046
35,215776,0,0,186,77.3189,48.7176
35,215776,0,0,187,77.3132,48.7324
35,215776,0,0,188,77.3316,48.7419
35,215776,0,0,189,77.2894,48.8545
35,215776,0,0,190,76.8906,48.82
35,215776,0,0,191,76.8839,48.8141
35,215776,0,0,192,76.833,48.8484
35,215776,0,0,193,76.8346,48.8696
35,215776,0,0,194,76.851,48.8904
35,215776,0,0,195,76.8366,48.9455
35,215776,0,0,196,76.8338,49.0134
35,215776,0,0,197,76.9249,49.0335
35,215776,0,0,198,76.9611,49.0212
35,215776,0,0,199,77.0232,49.0493
35,215776,0,0,200,76.9791,49.1029
35,215776,0,0,201,76.9462,49.1105
35,215776,0,0,202,76.9352,49.124
35,215776,0,0,203,76.8466,49.1412
35,215776,0,0,204,76.8392,49.166
35,215776,0,0,205,76.843,49.1949
35,215776,0,0,206,76.8197,49.2244
35,215776,0,0,207,76.7038,49.284
35,215776,0,0,208,76.6242,49.3006
35,215776,0,0,209,76.6141,49.3371
35,215776,0,0,210,76.5821,49.38
35,215776,0,0,211,76.5831,49.3953
35,215776,0,0,212,76.56,49.4137
35,215776,0,0,213,76.5673,49.4393
35,215776,0,0,214,76.5832,49.4583
35,215776,0,0,215,76.7768,49.5113
35,215776,0,0,216,76.8233,49.5057
35,215776,0,0,217,77.0404,49.5528
35,215776,0,0,218,77.167,49.6834
35,215776,0,0,219,77.177,49.7061
35,215776,0,0,220,77.1826,49.7566
35,215776,0,0,221,77.1454,49.7721
35,215776,0,0,222,77.1619,49.8619
35,215776,0,0,223,77.1464,49.8782
35,215776,0,0,224,77.1658,49.9287
35,215776,0,0,225,77.1925,49.944
35,215776,0,0,226,77.2318,49.9432
35,215776,0,0,227,77.277,49.9703
35,215776,0,0,228,77.4458,50.0213
35,215776,0,0,229,77.4761,50.0507
35,215776,0,0,230,77.6785,50.1607
35,215776,0,0,231,77.7023,50.204
35,215776,0,0,232,77.6972,50.2219
35,215776,0,0,233,77.6003,50.2783
35,215776,0,0,234,77.6434,50.3612
35,215776,0,0,235,77.6459,50.4646
35,215776,0,0,236,77.4505,50.5507
35,215776,0,0,237,77.3785,50.5481
35,215776,0,0,238,77.2531,50.5672
35,215776,0,0,239,77.077,50.6675
35,215776,0,0,240,77.0617,50.6597
35,215776,0,0,241,76.8424,50.6393
35,215776,0,0,242,76.8173,50.6041
35,215776,0,0,243,76.7831,50.5951
35,215776,0,0,244,76.7546,50.5512
35,215776,0,0,245,76.7519,50.4923
35,215776,0,0,246,76.7282,50.4706
35,215776,0,0,247,76.7354,50.4512
35,215776,0,0,248,76.6948,50.4166
35,215776,0,0,249,76.6993,50.395
35,215776,0,0,250,76.6919,50.3884
35,215776,0,0,251,76.7004,50.3751
35,215776,0,0,252,76.692,50.3645
35,215776,0,0,253,76.7028,50.3538
35,215776,0,0,254,76.6909,50.3105
35,215776,0,0,255,76.652,50.2719
35,215776,0,0,256,76.5252,50.3309
35,215776,0,0,257,76.32,50.3286
35,215776,0,0,258,76.3264,50.3148
35,215776,0,0,259,76.2725,50.3048
35,215776,0,0,260,76.2668,50.2627
35,215776,0,0,261,76.223,50.2357
35,215776,0,0,262,76.2162,50.2127
35,215776,0,0,263,76.1066,50.2577
35,215776,0,0,264,76.0367,50.2572
35,215776,0,0,265,75.9782,50.2432
35,215776,0,0,266,75.9291,50.2211
35,215776,0,0,267,75.8479,50.2041
35,215776,0,0,268,75.7764,50.2033
35,215776,0,0,269,75.7554,50.2217
35,215776,0,0,270,75.7343,50.2225
35,215776,0,0,271,75.7271,50.2339
35,215776,0,0,272,75.7047,50.2342
35,215776,0,0,273,75.6726,50.2201
35,215776,0,0,274,75.642,50.1892
35,215776,0,0,275,75.5703,50.1809
35,215776,0,0,276,75.4412,50.1876
35,215776,0,0,277,75.3165,50.1716
35,215776,0,0,278,75.2882,50.1552
35,215776,0,0,279,75.2832,50.1438
35,215776,0,0,280,75.2438,50.1258
35,215776,0,0,281,75.0864,50.074
35,215776,0,0,282,75.0738,50.0539
35,215776,0,0,283,75.0124,50.0296
35,215776,0,0,284,75.01,50.0227
35,215776,0,0,285,74.9447,50.0136
35,215776,0,0,286,74.9126,50.038
35,215776,0,0,287,74.8452,50.0404
35,215776,0,0,288,74.8033,50.1068
35,215776,0,0,289,74.8411,50.1195
35,215776,0,0,290,74.9363,50.1844
35,215776,0,0,291,75.1163,50.2181
35,215776,0,0,292,75.1092,50.2252
35,215776,0,0,293,75.1305,50.2315
35,215776,0,0,294,75.1398,50.2548
35,215776,0,0,295,75.0187,50.3027
35,215776,0,0,296,74.9723,50.3299
35,215776,0,0,297,74.9597,50.3467
35,215776,0,0,298,74.9732,50.3517
35,215776,0,0,299,74.9661,50.412
35,215776,0,0,300,74.9141,50.4678
35,215776,0,0,301,74.8713,50.4544
35,215776,0,0,302,74.8265,50.4827
35,215776,0,0,303,74.7585,50.5458
35,215776,0,0,304,74.7253,50.5286
35,215776,0,0,305,74.709,50.4804
35,215776,0,0,306,74.6778,50.4789
35,215776,0,0,307,74.6451,50.4664
35,215776,0,0,308,74.6321,50.4888
35,215776,0,0,309,74.6008,50.5158
35,215776,0,0,310,74.5968,50.5546
35,215776,0,0,311,74.6276,50.589
35,215776,0,0,312,74.6278,50.6075
35,215776,0,0,313,74.581,50.6287
35,215776,0,0,314,74.4812,50.6451
35,215776,0,0,315,74.4502,50.6633
35,215776,0,0,316,74.4009,50.662
35,215776,0,0,317,74.3682,50.6371
35,215776,0,0,318,74.2867,50.6169
35,215776,0,0,319,74.0579,50.6123
35,215776,0,0,320,73.9814,50.735
35,215776,0,0,321,73.9836,50.7896
35,215776,0,0,322,74.0673,50.8347
35,215776,0,0,323,74.04,50.8559
35,215776,0,0,324,74.031,50.9224
35,215776,0,0,325,73.9895,50.9513
35,215776,0,0,326,74.0026,50.9629
35,215776,0,0,327,74.0028,50.9743
35,215776,0,0,328,74.0181,50.9765
35,215776,0,0,329,74.0083,50.9871
35,215776,0,0,330,74.0203,50.9903
35,215776,0,0,331,74.0167,50.999
35,215776,0,0,332,74.0266,51.0027
35,215776,0,0,333,74.0175,51.0042
35,215776,0,0,334,74.0111,51.0219
35,215776,0,0,335,74.001,51.0264
35,215776,0,0,336,74.0002,51.0446
35,215776,0,0,337,74.0482,51.098
35,215776,0,0,338,74.034,51.1365
35,215776,0,0,339,74.0202,51.1375
35,215776,0,0,340,74.0168,51.1575
35,215776,0,0,341,74.0013,51.1674
35,215776,0,0,342,74.0109,51.1931
35,215776,0,0,343,74.0305,51.2019
35,215776,0,0,344,73.534,51.3078
35,215776,0,0,345,73.4732,51.3096
35,215776,0,0,346,73.4396,51.2968
35,215776,0,0,347,73.428,51.2556
35,215776,0,0,348,73.3922,51.3037
35,215776,0,0,349,73.3614,51.2972
35,215776,0,0,350,73.36,51.2847
35,215776,0,0,351,73.3175,51.2728
35,215776,0,0,352,73.267,51.2741
35,215776,0,0,353,73.2241,51.3046
35,215776,0,0,354,73.2036,51.288
35,215776,0,0,355,73.1573,51.2759
35,215776,0,0,356,73.1967,51.2159
35,215776,0,0,357,73.2488,51.2315
35,215776,0,0,358,73.2809,51.1744
35,215776,0,0,359,73.3125,51.1514
35,215776,0,0,360,73.3201,51.1206
35,215776,0,0,361,73.347,51.125
35,215776,0,0,362,73.3613,51.163
35,215776,0,0,363,73.388,51.1601
35,215776,0,0,364,73.4368,51.1788
35,215776,0,0,365,73.5789,51.1211
35,215776,0,0,366,73.545,51.1135
35,215776,0,0,367,73.5256,51.0969
35,215776,0,0,368,73.5032,51.0957
35,215776,0,0,369,73.4767,51.066
35,215776,0,0,370,73.4433,51.057
35,215776,0,0,371,73.3987,51.0251
35,215776,0,0,372,73.1704,50.9934
35,215776,0,0,373,73.1692,50.9216
35,215776,0,0,374,73.0051,50.8831
35,215776,0,0,375,72.9796,50.8617
35,215776,0,0,376,72.7924,50.8874
35,215776,0,0,377,72.7524,50.8457
35,215776,0,0,378,72.7218,50.8356
35,215776,0,0,379,72.7169,50.8186
35,215776,0,0,380,72.6624,50.7496
35,215776,0,0,381,72.5245,50.7345
35,215776,0,0,382,72.5192,50.7116
35,215776,0,0,383,72.4949,50.7442
35,215776,0,0,384,72.4817,50.7402
35,215776,0,0,385,72.3992,50.6778
35,215776,0,0,386,72.4033,50.6566
35,215776,0,0,387,72.4787,50.608
35,215776,0,0,388,72.4458,50.5649
35,215776,0,0,389,72.379,50.5561
35,215776,0,0,390,72.2668,50.5937
35,215776,0,0,391,72.2362,50.5619
35,215776,0,0,392,72.17,50.5393
35,215776,0,0,393,72.1944,50.4564
35,215776,0,0,394,72.2028,50.4552
35,215776,0,0,395,72.1171,50.4453
35,215776,0,0,396,72.1228,50.4095
35,215776,0,0,397,72.1021,50.413
35,215776,0,0,398,72.059,50.445
35,215776,0,0,399,72.0117,50.4669
35,215776,0,0,400,71.8086,50.4651
35,215776,0,0,401,71.7997,50.4241
35,215776,0,0,402,71.7102,50.4291
35,215776,0,0,403,71.773,50.49
35,215776,0,0,404,71.787,50.5557
35,215776,0,0,405,71.8164,50.5893
35,215776,0,0,406,71.8015,50.61
35,215776,0,0,407,71.7591,50.6265
35,215776,0,0,408,71.7926,50.6525
35,215776,0,0,409,71.821,50.6633
35,215776,0,0,410,71.8366,50.6827
35,215776,0,0,411,71.8177,50.7027
35,215776,0,0,412,71.7951,50.6938
35,215776,0,0,413,71.7357,50.7543
35,215776,0,0,414,71.7136,50.7467
35,215776,0,0,415,71.6585,50.7549
35,215776,0,0,416,71.6515,50.7889
35,215776,0,0,417,71.5554,50.7733
35,215776,0,0,418,71.5411,50.7918
35,215776,0,0,419,71.5268,50.7936
35,215776,0,0,420,71.4761,50.7601
35,215776,0,0,421,71.414,50.7456
35,215776,0,0,422,71.4074,50.7501
35,215776,0,0,423,71.3354,50.7218
35,215776,0,0,424,71.3402,50.7014
35,215776,0,0,425,71.3281,50.6752
35,215776,0,0,426,71.3314,50.6516
35,215776,0,0,427,71.2288,50.6517
35,215776,0,0,428,71.2116,50.6063
35,215776,0,0,429,71.1274,50.6092
35,215776,0,0,430,71.0584,50.5568
35,215776,0,0,431,71.0639,50.5075
35,215776,0,0,432,70.9487,50.4716
35,215776,0,0,433,70.8537,50.477
35,215776,0,0,434,70.8426,50.4606
35,215776,0,0,435,70.8237,50.4509
35,215776,0,0,436,70.7956,50.4405
35,215776,0,0,437,70.7695,50.4413
35,215776,0,0,438,70.77,50.3922
35,215776,0,0,439,70.7506,50.2502
35,215776,0,0,440,70.73,50.2312
35,215776,0,0,441,70.6721,50.285
35,215776,0,0,442,70.6488,50.2928
35,215776,0,0,443,70.6268,50.2879
35,215776,0,0,444,70.4753,50.2347
35,215776,0,0,445,70.5483,50.149
35,215776,0,0,446,70.5278,50.1332
35,215776,0,0,447,70.4384,50.0968
35,215776,0,0,448,70.3502,50.0842
35,215776,0,0,449,70.3375,50.0696
35,215776,0,0,450,70.3202,50.0734
35,215776,0,0,451,70.2989,50.0601
35,215776,0,0,452,70.2794,50.0626
35,215776,0,0,453,70.2252,50.0473
35,215776,0,0,454,70.2074,50.0531
35,215776,0,0,455,70.178,50.041
35,215776,0,0,456,70.1457,50.0392
35,215776,0,0,457,70.1227,50.0454
35,215776,0,0,458,70.1152,50.0554
35,215776,0,0,459,70.113,50.0697
35,215776,0,0,460,70.1389,50.0807
35,215776,0,0,461,70.1143,50.1091
35,215776,0,0,462,70.1324,50.126
35,215776,0,0,463,70.1329,50.1456
35,215776,0,0,464,70.1492,50.1548
35,215776,0,0,465,70.1447,50.1704
35,215776,0,0,466,70.1514,50.1829
35,215776,0,0,467,70.1646,50.1855
35,215776,0,0,468,70.1732,50.1987
35,215776,0,0,469,70.1439,50.2167
35,215776,0,0,470,70.1166,50.2004
35,215776,0,0,471,70.0838,50.2022
35,215776,0,0,472,70.0979,50.2161
35,215776,0,0,473,70.0958,50.2286
35,215776,0,0,474,70.07,50.2561
35,215776,0,0,475,69.7392,50.1956
35,215776,0,0,476,69.722,50.2013
35,215776,0,0,477,69.6984,50.1901
35,215776,0,0,478,69.6013,50.1976
35,215776,0,0,479,69.6007,50.2824
35,215776,0,0,480,69.5188,50.2952
35,215776,0,0,481,69.4855,50.3615
35,215776,0,0,482,69.4471,50.377
35,215776,0,0,483,69.4212,50.3336
35,215776,0,0,484,69.3722,50.3876
35,215776,0,0,485,69.2662,50.3583
35,215776,0,0,486,69.245,50.3
35,215776,0,0,487,69.2936,50.3034
35,215776,0,0,488,69.3041,50.246
35,215776,0,0,489,69.2594,50.2348
35,215776,0,0,490,69.2142,50.2372
35,215776,0,0,491,69.1845,50.26
35,215776,0,0,492,69.1646,50.2325
35,215776,0,0,493,69.1528,50.1781
35,215776,0,0,494,69.109,50.197
35,215776,0,0,495,69.0813,50.195
35,215776,0,0,496,69.0813,50.1792
35,215776,0,0,497,69.0505,50.1906
35,215776,0,0,498,68.9651,50.1763
35,215776,0,0,499,68.852,50.2053
35,215776,0,0,500,68.8243,50.2023
35,215776,0,0,501,68.7889,50.2213
35,215776,0,0,502,68.7503,50.214
35,215776,0,0,503,68.7517,50.2392
35,215776,0,0,504,68.6739,50.244
35,215776,0,0,505,68.6906,50.2766
35,215776,0,0,506,68.7298,50.3019
35,215776,0,0,507,68.7368,50.42
35,215776,0,0,508,68.7606,50.471
35,215776,0,0,509,68.7495,50.5124
35,215776,0,0,510,68.7734,50.5481
35,215776,0,0,511,68.7924,50.5601
35,215776,0,0,512,68.8013,50.7995
35,215776,0,0,513,68.5124,50.8041
35,215776,0,0,514,68.4775,50.7775
35,215776,0,0,515,68.4779,50.7629
35,215776,0,0,516,68.4313,50.7557
35,215776,0,0,517,68.3305,50.7233
35,215776,0,0,518,68.3278,50.7116
35,215776,0,0,519,68.2559,50.6571
35,215776,0,0,520,68.2182,50.6501
35,215776,0,0,521,68.1451,50.6189
35,215776,0,0,522,68.116,50.619
35,215776,0,0,523,68.0817,50.6304
35,215776,0,0,524,68.0461,50.6611
35,215776,0,0,525,68.0291,50.6554
35,215776,0,0,526,67.8897,50.6566
35,215776,0,0,527,67.9061,50.6536
35,215776,0,0,528,67.9023,50.6462
35,215776,0,0,529,67.9219,50.6284
35,215776,0,0,530,67.9167,50.6197
35,215776,0,0,531,67.9435,50.5981
35,215776,0,0,532,67.934,50.581
35,215776,0,0,533,67.9363,50.5578
35,215776,0,0,534,68.0089,50.5381
35,215776,0,0,535,67.9913,50.5127
35,215776,0,0,536,68.092,50.4649
35,215776,0,0,537,68.0904,50.4405
35,215776,0,0,538,68.0169,50.3926
35,215776,0,0,539,68.0169,50.3661
35,215776,0,0,540,67.9642,50.3172
35,215776,0,0,541,67.8603,50.2978
35,215776,0,0,542,67.7468,50.2477
35,215776,0,0,543,67.6302,50.2365
35,215776,0,0,544,67.5993,50.2232
35,215776,0,0,545,67.6062,50.1884
35,215776,0,0,546,67.5759,50.1628
35,215776,0,0,547,67.6382,50.1188
35,215776,0,0,548,67.3991,49.9155
39,1288730,0,0,0,59.9941,51.9646
39,1288730,0,0,1,60.0102,51.9404
39,1288730,0,0,2,60.0299,51.9361
39,1288730,0,0,3,60.0327,51.9135
39,1288730,0,0,4,60.0745,51.8883
39,1288730,0,0,5,60.0589,51.8701
39,1288730,0,0,6,60.1439,51.8705
39,1288730,0,0,7,60.1429,51.8594
39,1288730,0,0,8,60.1573,51.8579
39,1288730,0,0,9,60.1618,51.8922
39,1288730,0,0,10,60.1479,51.8939
39,1288730,0,0,11,60.1448,51.9069
39,1288730,0,0,12,60.3204,51.8314
39,1288730,0,0,13,60.428,51.7984
39,1288730,0,0,14,60.5175,51.7977
39,1288730,0,0,15,60.5189,51.7733
39,1288730,0,0,16,60.4776,51.7663
39,1288730,0,0,17,60.4566,51.7487
39,1288730,0,0,18,60.4534,51.7345
39,1288730,0,0,19,60.4306,51.7185
39,1288730,0,0,20,60.3533,51.6893
39,1288730,0,0,21,60.3619,51.6771
39,1288730,0,0,22,60.3859,51.6719
39,1288730,0,0,23,60.4155,51.647
39,1288730,0,0,24,60.527,51.6379
39,1288730,0,0,25,60.538,51.618
39,1288730,0,0,26,60.9356,51.6153
39,1288730,0,0,27,60.9347,51.6016
39,1288730,0,0,28,60.9102,51.5681
39,1288730,0,0,29,60.9104,51.5514
39,1288730,0,0,30,60.9427,51.5226
39,1288730,0,0,31,60.9518,51.4907
39,1288730,0,0,32,60.9911,51.4879
39,1288730,0,0,33,60.999,51.4678
39,1288730,0,0,34,61.0201,51.4616
39,1288730,0,0,35,61.088,51.468
39,1288730,0,0,36,61.1076,51.4478
39,1288730,0,0,37,61.1313,51.4581
39,1288730,0,0,38,61.1495,51.4509
39,1288730,0,0,39,61.203,51.4611
39,1288730,0,0,40,61.2172,51.4492
39,1288730,0,0,41,61.2353,51.4514
39,1288730,0,0,42,61.2527,51.4407
39,1288730,0,0,43,61.3508,51.4398
39,1288730,0,0,44,61.3668,51.4267
39,1288730,0,0,45,61.3893,51.4275
39,1288730,0,0,46,61.3901,51.4202
39,1288730,0,0,47,61.4048,51.4167
39,1288730,0,0,48,61.4215,51.423
39,1288730,0,0,49,61.4478,51.4095
39,1288730,0,0,50,61.5005,51.4093
39,1288730,0,0,51,61.5497,51.3233
39,1288730,0,0,52,61.6898,51.256
39,1288730,0,0,53,61.7871,51.2691
39,1288730,0,0,54,61.8522,51.3171
39,1288730,0,0,55,61.9137,51.2625
39,1288730,0,0,56,61.9421,51.1609
39,1288730,0,0,57,61.9519,51.1412
39,1288730,0,0,58,61.9977,51.1084
39,1288730,0,0,59,61.9947,51.0893
39,1288730,0,0,60,62.0733,51.0731
39,1288730,0,0,61,62.081,51.1113
39,1288730,0,0,62,62.1312,51.1388
39,1288730,0,0,63,62.1811,51.1294
39,1288730,0,0,64,62.283,51.0802
39,1288730,0,0,65,62.2756,51.0412
39,1288730,0,0,66,62.2085,51.013
39,1288730,0,0,67,62.2286,50.9784
39,1288730,0,0,68,62.4303,50.8528
39,1288730,0,0,69,62.3115,50.8414
39,1288730,0,0,70,62.2765,50.8016
39,1288730,0,0,71,62.2218,50.8136
39,1288730,0,0,72,62.2357,50.7856
39,1288730,0,0,73,62.2633,50.7561
39,1288730,0,0,74,62.2765,50.7218
39,1288730,0,0,75,62.2295,50.676
39,1288730,0,0,76,62.2669,50.6415
39,1288730,0,0,77,62.4398,50.6887
39,1288730,0,0,78,62.497,50.5907
39,1288730,0,0,79,62.4946,50.5562
39,1288730,0,0,80,62.5285,50.5156
39,1288730,0,0,81,62.501,50.5008
39,1288730,0,0,82,62.507,50.4779
39,1288730,0,0,83,62.5509,50.4437
39,1288730,0,0,84,62.5576,50.4163
39,1288730,0,0,85,62.6347,50.3856
39,1288730,0,0,86,62.6432,50.3754
39,1288730,0,0,87,62.6389,50.3513
39,1288730,0,0,88,62.6634,50.3376
39,1288730,0,0,89,62.6678,50.3098
39,1288730,0,0,90,62.6905,50.3074
39,1288730,0,0,91,62.6948,50.3002
39,1288730,0,0,92,62.6883,50.2962
39,1288730,0,0,93,62.7089,50.29
39,1288730,0,0,94,62.7346,50.2649
39,1288730,0,0,95,62.7351,50.2505
39,1288730,0,0,96,62.7213,50.2371
39,1288730,0,0,97,62.7403,50.2172
39,1288730,0,0,98,62.7367,50.2121
39,1288730,0,0,99,62.7586,50.1962
39,1288730,0,0,100,62.7917,50.1886
39,1288730,0,0,101,62.7821,50.1773
39,1288730,0,0,102,62.7976,50.163
39,1288730,0,0,103,62.8005,50.1722
39,1288730,0,0,104,62.8211,50.1653
39,1288730,0,0,105,62.8225,50.1514
39,1288730,0,0,106,62.8352,50.1441
39,1288730,0,0,107,62.8318,50.1362
39,1288730,0,0,108,62.8473,50.1277
39,1288730,0,0,109,62.8422,50.1201
39,1288730,0,0,110,62.8566,50.1132
39,1288730,0,0,111,62.8596,50.1023
39,1288730,0,0,112,62.8852,50.0921
39,1288730,0,0,113,62.8757,50.0796
39,1288730,0,0,114,62.8847,50.076
39,1288730,0,0,115,62.8809,50.0619
39,1288730,0,0,116,62.8912,50.0578
39,1288730,0,0,117,62.891,50.0386
39,1288730,0,0,118,62.9102,50.0331
39,1288730,0,0,119,62.9163,50.0185
39,1288730,0,0,120,62.9259,50.019
39,1288730,0,0,121,62.953,49.9974
39,1288730,0,0,122,62.9404,49.9881
39,1288730,0,0,123,62.9485,49.9551
39,1288730,0,0,124,62.9205,49.9402
39,1288730,0,0,125,62.9253,49.9332
39,1288730,0,0,126,62.9105,49.9164
39,1288730,0,0,127,62.9319,49.9061
39,1288730,0,0,128,62.9228,49.8999
39,1288730,0,0,129,62.936,49.8908
39,1288730,0,0,130,62.926,49.8818
39,1288730,0,0,131,62.9045,49.8875
39,1288730,0,0,132,62.8965,49.8827
39,1288730,0,0,133,62.7907,49.9369
39,1288730,0,0,134,62.7396,49.9402
39,1288730,0,0,135,62.6583,49.9085
39,1288730,0,0,136,62.6377,49.8854
39,1288730,0,0,137,62.5987,49.8625
39,1288730,0,0,138,62.5963,49.8065
39,1288730,0,0,139,62.5551,49.7353
39,1288730,0,0,140,62.438,49.6837
39,1288730,0,0,141,62.4521,49.625
39,1288730,0,0,142,62.4508,49.5802
39,1288730,0,0,143,62.4732,49.5621
39,1288730,0,0,144,62.4337,49.557
39,1288730,0,0,145,62.3673,49.5778
39,1288730,0,0,146,62.3048,49.4973
39,1288730,0,0,147,62.3386,49.4775
39,1288730,0,0,148,62.4507,49.372
39,1288730,0,0,149,62.5475,49.2533
39,1288730,0,0,150,62.5213,49.2376
39,1288730,0,0,151,62.4963,49.2438
39,1288730,0,0,152,62.3761,49.2356
39,1288730,0,0,153,62.3614,49.2008
39,1288730,0,0,154,62.4458,49.1982
39,1288730,0,0,155,62.5488,49.0181
39,1288730,0,0,156,62.5842,48.9943
39,1288730,0,0,157,62.7278,48.926
39,1288730,0,0,158,62.8454,48.8488
39,1288730,0,0,159,62.9532,48.8899
39,1288730,0,0,160,63.0204,48.9294
39,1288730,0,0,161,63.1302,48.8634
39,1288730,0,0,162,63.1255,48.8356
39,1288730,0,0,163,63.0493,48.7581
39,1288730,0,0,164,63.0787,48.6824
39,1288730,0,0,165,63.4168,48.6018
39,1288730,0,0,166,63.4673,48.5638
39,1288730,0,0,167,63.5857,48.5343
39,1288730,0,0,168,63.7708,48.454
39,1288730,0,0,169,63.8445,48.3855
39,1288730,0,0,170,63.903,48.2975
39,1288730,0,0,171,64.0161,48.1703
39,1288730,0,0,172,64.2828,48.3477
39,1288730,0,0,173,64.2275,48.4618
39,1288730,0,0,174,64.5786,48.5108
39,1288730,0,0,175,64.4908,48.5655
39,1288730,0,0,176,64.5307,48.5997
39,1288730,0,0,177,64.4687,48.6747
39,1288730,0,0,178,64.698,48.6757
39,1288730,0,0,179,64.7458,48.9377
39,1288730,0,0,180,65.4861,48.8283
39,1288730,0,0,181,65.6676,48.8761
39,1288730,0,0,182,65.7368,48.8756
39,1288730,0,0,183,65.7533,48.8867
39,1288730,0,0,184,65.7754,48.9822
39,1288730,0,0,185,66.0731,48.9932
39,1288730,0,0,186,66.4124,49.2415
39,1288730,0,0,187,66.5422,49.2704
39,1288730,0,0,188,66.5972,49.3244
39,1288730,0,0,189,66.6514,49.4567
39,1288730,0,0,190,66.837,49.5787
39,1288730,0,0,191,67.0417,49.6475
39,1288730,0,0,192,67.3738,49.9382
39,1288730,0,0,193,67.3991,49.9155
39,1288730,0,0,194,67.6382,50.1188
39,1288730,0,0,195,67.5759,50.1628
39,1288730,0,0,196,67.6062,50.1884
39,1288730,0,0,197,67.5993,50.2232
39,1288730,0,0,198,67.6302,50.2365
39,1288730,0,0,199,67.7468,50.2477
39,1288730,0,0,200,67.8603,50.2978
39,1288730,0,0,201,67.9642,50.3172
39,1288730,0,0,202,68.0169,50.3661
39,1288730,0,0,203,68.0169,50.3926
39,1288730,0,0,204,68.0904,50.4405
39,1288730,0,0,205,68.092,50.4649
39,1288730,0,0,206,67.9913,50.5127
39,1288730,0,0,207,68.0089,50.5381
39,1288730,0,0,208,67.9363,50.5578
39,1288730,0,0,209,67.9138,50.5339
39,1288730,0,0,210,67.8532,50.5125
39,1288730,0,0,211,67.8333,50.4972
39,1288730,0,0,212,67.7836,50.4845
39,1288730,0,0,213,67.7469,50.4897
39,1288730,0,0,214,67.6476,50.4814
39,1288730,0,0,215,67.5637,50.4933
39,1288730,0,0,216,67.5536,50.4846
39,1288730,0,0,217,67.4742,50.4693
39,1288730,0,0,218,67.4888,50.4506
39,1288730,0,0,219,67.1312,50.3841
39,1288730,0,0,220,67.0643,50.5309
39,1288730,0,0,221,67.0946,50.5462
39,1288730,0,0,222,67.11,50.6224
39,1288730,0,0,223,66.9909,50.6582
39,1288730,0,0,224,66.8502,50.645
39,1288730,0,0,225,66.7245,50.6115
39,1288730,0,0,226,66.6663,50.6359
39,1288730,0,0,227,66.64,50.627
39,1288730,0,0,228,66.4955,50.6731
39,1288730,0,0,229,66.4331,50.7107
39,1288730,0,0,230,66.3156,50.6854
39,1288730,0,0,231,66.2406,50.8274
39,1288730,0,0,232,66.2018,50.8251
39,1288730,0,0,233,66.1784,50.8001
39,1288730,0,0,234,66.1565,50.8099
39,1288730,0,0,235,66.1328,50.7881
39,1288730,0,0,236,66.1096,50.7982
39,1288730,0,0,237,66.1168,50.8048
39,1288730,0,0,238,66.0918,50.8148
39,1288730,0,0,239,66.1019,50.8233
39,1288730,0,0,240,66.0843,50.8294
39,1288730,0,0,241,66.088,50.8717
39,1288730,0,0,242,66.0611,50.8837
39,1288730,0,0,243,66.0707,50.8876
39,1288730,0,0,244,65.9895,50.9466
39,1288730,0,0,245,65.9944,50.9493
39,1288730,0,0,246,65.9499,50.9594
39,1288730,0,0,247,65.9417,50.9426
39,1288730,0,0,248,65.8619,50.9644
39,1288730,0,0,249,65.8246,50.8852
39,1288730,0,0,250,65.7893,50.8544
39,1288730,0,0,251,65.6667,50.8474
39,1288730,0,0,252,65.628,50.8273
39,1288730,0,0,253,65.6046,50.8309
39,1288730,0,0,254,65.5853,50.8956
39,1288730,0,0,255,65.5794,50.8964
39,1288730,0,0,256,65.6142,51.0061
39,1288730,0,0,257,65.61,51.0546
39,1288730,0,0,258,65.633,51.0824
39,1288730,0,0,259,65.5607,51.1362
39,1288730,0,0,260,65.4504,51.1857
39,1288730,0,0,261,65.4253,51.2039
39,1288730,0,0,262,65.4792,51.2429
39,1288730,0,0,263,65.4031,51.3016
39,1288730,0,0,264,65.3875,51.3276
39,1288730,0,0,265,65.5456,51.4037
39,1288730,0,0,266,65.4615,51.4401
39,1288730,0,0,267,65.5372,51.514
39,1288730,0,0,268,65.5692,51.5834
39,1288730,0,0,269,65.5773,51.6282
39,1288730,0,0,270,65.5209,51.6843
39,1288730,0,0,271,65.3831,51.6849
39,1288730,0,0,272,65.3524,51.7935
39,1288730,0,0,273,65.5178,51.7957
39,1288730,0,0,274,65.7605,51.8724
39,1288730,0,0,275,65.7685,51.9205
39,1288730,0,0,276,65.8166,51.9938
39,1288730,0,0,277,65.8497,52.0808
39,1288730,0,0,278,65.8681,52.0827
39,1288730,0,0,279,65.8546,52.0931
39,1288730,0,0,280,65.869,52.1409
39,1288730,0,0,281,65.9986,52.2046
39,1288730,0,0,282,66.0188,52.7609
39,1288730,0,0,283,66.1277,52.7642
39,1288730,0,0,284,66.1173,52.8938
39,1288730,0,0,285,66.3067,52.8865
39,1288730,0,0,286,66.3208,52.9701
39,1288730,0,0,287,66.0698,52.9816
39,1288730,0,0,288,66.0527,53.0614
39,1288730,0,0,289,66.2058,53.0937
39,1288730,0,0,290,66.1992,53.1111
39,1288730,0,0,291,66.4007,53.0896
39,1288730,0,0,292,66.3993,53.155
39,1288730,0,0,293,66.2564,53.1937
39,1288730,0,0,294,66.2482,53.5034
39,1288730,0,0,295,66.1103,53.5029
39,1288730,0,0,296,66.1039,53.6102
39,1288730,0,0,297,66.1538,53.6675
39,1288730,0,0,298,66.1719,53.6681
39,1288730,0,0,299,66.1785,53.8054
39,1288730,0,0,300,66.0471,53.8033
39,1288730,0,0,301,66.0245,53.9327
39,1288730,0,0,302,66.0014,53.9275
39,1288730,0,0,303,65.9636,53.9969
39,1288730,0,0,304,66.0756,54.05
39,1288730,0,0,305,66.1518,54.0762
39,1288730,0,0,306,66.3166,54.1019
39,1288730,0,0,307,66.2669,54.1835
39,1288730,0,0,308,66.1921,54.183
39,1288730,0,0,309,66.0314,54.2515
39,1288730,0,0,310,66.0799,54.258
39,1288730,0,0,311,66.1757,54.2937
39,1288730,0,0,312,66.0878,54.4164
39,1288730,0,0,313,66.1077,54.4433
39,1288730,0,0,314,66.0744,54.4698
39,1288730,0,0,315,66.1095,54.4901
39,1288730,0,0,316,66.0779,54.5691
39,1288730,0,0,317,66.074,54.6409
39,1288730,0,0,318,65.9986,54.6251
39,1288730,0,0,319,65.9642,54.6378
39,1288730,0,0,320,65.9818,54.717
39,1288730,0,0,321,65.8453,54.6972
39,1288730,0,0,322,65.8308,54.6532
39,1288730,0,0,323,65.7997,54.624
39,1288730,0,0,324,65.7822,54.6249
39,1288730,0,0,325,65.7797,54.6123
39,1288730,0,0,326,65.7473,54.6074
39,1288730,0,0,327,65.6331,54.6408
39,1288730,0,0,328,65.5537,54.6362
39,1288730,0,0,329,65.5305,54.6495
39,1288730,0,0,330,65.4896,54.6555
39,1288730,0,0,331,65.4648,54.6423
39,1288730,0,0,332,65.4565,54.6244
39,1288730,0,0,333,65.4948,54.5967
39,1288730,0,0,334,65.4957,54.5784
39,1288730,0,0,335,65.5038,54.5709
39,1288730,0,0,336,65.4647,54.5664
39,1288730,0,0,337,65.4259,54.5812
39,1288730,0,0,338,65.3794,54.5734
39,1288730,0,0,339,65.3579,54.5774
39,1288730,0,0,340,65.306,54.5684
39,1288730,0,0,341,65.2636,54.5466
39,1288730,0,0,342,65.238,54.5494
39,1288730,0,0,343,65.2145,54.5414
39,1288730,0,0,344,65.2233,54.4901
39,1288730,0,0,345,65.2145,54.4772
39,1288730,0,0,346,65.2183,54.4704
39,1288730,0,0,347,65.2013,54.4658
39,1288730,0,0,348,65.2009,54.4522
39,1288730,0,0,349,65.222,54.437
39,1288730,0,0,350,65.2392,54.3757
39,1288730,0,0,351,65.2627,54.3624
39,1288730,0,0,352,65.222,54.3343
39,1288730,0,0,353,65.1909,54.3429
39,1288730,0,0,354,65.1086,54.3336
39,1288730,0,0,355,65.0575,54.3749
39,1288730,0,0,356,64.9744,54.4241
39,1288730,0,0,357,64.7376,54.3539
39,1288730,0,0,358,64.6984,54.3647
39,1288730,0,0,359,64.659,54.3608
39,1288730,0,0,360,64.6357,54.3741
39,1288730,0,0,361,64.6293,54.3925
39,1288730,0,0,362,64.616,54.3989
39,1288730,0,0,363,64.6035,54.3888
39,1288730,0,0,364,64.6118,54.3866
39,1288730,0,0,365,64.59,54.3812
39,1288730,0,0,366,64.5975,54.3732
39,1288730,0,0,367,64.5799,54.3757
39,1288730,0,0,368,64.5633,54.3678
39,1288730,0,0,369,64.5676,54.3623
39,1288730,0,0,370,64.5445,54.3652
39,1288730,0,0,371,64.5226,54.3545
39,1288730,0,0,372,64.4795,54.3664
39,1288730,0,0,373,64.4626,54.3597
39,1288730,0,0,374,64.4646,54.3429
39,1288730,0,0,375,64.4517,54.3374
39,1288730,0,0,376,64.4566,54.3325
39,1288730,0,0,377,64.421,54.3265
39,1288730,0,0,378,64.3565,54.337
39,1288730,0,0,379,64.2759,54.3293
39,1288730,0,0,380,64.2315,54.3168
39,1288730,0,0,381,64.2308,54.3238
39,1288730,0,0,382,64.2145,54.3238
39,1288730,0,0,383,64.192,54.3096
39,1288730,0,0,384,64.1483,54.3055
39,1288730,0,0,385,64.0722,54.3181
39,1288730,0,0,386,64.0786,54.3128
39,1288730,0,0,387,64.0658,54.3101
39,1288730,0,0,388,64.0716,54.3028
39,1288730,0,0,389,64.0657,54.297
39,1288730,0,0,390,64.0295,54.2829
39,1288730,0,0,391,64.0115,54.2909
39,1288730,0,0,392,64.0267,54.2999
39,1288730,0,0,393,64.0174,54.3015
39,1288730,0,0,394,64.0233,54.307
39,1288730,0,0,395,63.9868,54.3012
39,1288730,0,0,396,63.9814,54.2969
39,1288730,0,0,397,63.9862,54.2912
39,1288730,0,0,398,63.9748,54.2905
39,1288730,0,0,399,63.9781,54.2787
39,1288730,0,0,400,64.0213,54.2303
39,1288730,0,0,401,64.0039,54.2117
39,1288730,0,0,402,63.9616,54.2005
39,1288730,0,0,403,63.9436,54.2063
39,1288730,0,0,404,63.9133,54.198
39,1288730,0,0,405,63.8977,54.2163
39,1288730,0,0,406,63.794,54.2718
39,1288730,0,0,407,63.645,54.2427
39,1288730,0,0,408,63.6232,54.2283
39,1288730,0,0,409,63.5386,54.2095
39,1288730,0,0,410,63.5266,54.2161
39,1288730,0,0,411,63.5103,54.206
39,1288730,0,0,412,63.4927,54.2158
39,1288730,0,0,413,63.4909,54.2082
39,1288730,0,0,414,63.4561,54.1959
39,1288730,0,0,415,63.4454,54.202
39,1288730,0,0,416,63.4057,54.2004
39,1288730,0,0,417,63.3671,54.1879
39,1288730,0,0,418,63.3276,54.2022
39,1288730,0,0,419,63.2631,54.1907
39,1288730,0,0,420,63.225,54.1978
39,1288730,0,0,421,63.2233,54.1891
39,1288730,0,0,422,63.1967,54.1859
39,1288730,0,0,423,63.1714,54.1938
39,1288730,0,0,424,63.1513,54.1824
39,1288730,0,0,425,63.1574,54.1769
39,1288730,0,0,426,63.1505,54.1632
39,1288730,0,0,427,63.1695,54.1531
39,1288730,0,0,428,63.1544,54.1411
39,1288730,0,0,429,63.1545,54.1251
39,1288730,0,0,430,63.101,54.1157
39,1288730,0,0,431,63.0818,54.1042
39,1288730,0,0,432,63.0499,54.1008
39,1288730,0,0,433,62.9773,54.1114
39,1288730,0,0,434,62.9619,54.1074
39,1288730,0,0,435,62.9232,54.1188
39,1288730,0,0,436,62.9,54.1125
39,1288730,0,0,437,62.8588,54.1176
39,1288730,0,0,438,62.8062,54.1117
39,1288730,0,0,439,62.7987,54.1005
39,1288730,0,0,440,62.7785,54.0944
39,1288730,0,0,441,62.662,54.0923
39,1288730,0,0,442,62.6153,54.0721
39,1288730,0,0,443,62.5944,54.0738
39,1288730,0,0,444,62.592,54.0623
39,1288730,0,0,445,62.5752,54.0591
39,1288730,0,0,446,62.5688,54.0465
39,1288730,0,0,447,62.5981,53.9884
39,1288730,0,0,448,62.5869,53.9867
39,1288730,0,0,449,62.5783,53.9701
39,1288730,0,0,450,62.5847,53.9645
39,1288730,0,0,451,62.5623,53.9485
39,1288730,0,0,452,62.5601,53.9382
39,1288730,0,0,453,62.5166,53.9135
39,1288730,0,0,454,62.4755,53.931
39,1288730,0,0,455,62.4467,53.9269
39,1288730,0,0,456,62.3964,54.0038
39,1288730,0,0,457,62.4594,54.0136
39,1288730,0,0,458,62.494,54.0326
39,1288730,0,0,459,62.4188,54.047
39,1288730,0,0,460,62.3893,54.0477
39,1288730,0,0,461,62.3392,54.0322
39,1288730,0,0,462,62.2142,54.0392
39,1288730,0,0,463,62.2058,54.0312
39,1288730,0,0,464,62.1761,54.0286
39,1288730,0,0,465,62.1652,54.0374
39,1288730,0,0,466,62.1549,54.0328
39,1288730,0,0,467,62.075,54.0511
39,1288730,0,0,468,62.0679,54.0395
39,1288730,0,0,469,62.0096,54.039
39,1288730,0,0,470,62.0439,53.9485
39,1288730,0,0,471,61.9323,53.9499
39,1288730,0,0,472,61.8562,53.9634
39,1288730,0,0,473,61.8762,53.9799
39,1288730,0,0,474,61.893,54.0091
39,1288730,0,0,475,61.8718,54.0164
39,1288730,0,0,476,61.8503,54.0084
39,1288730,0,0,477,61.8443,54.0133
39,1288730,0,0,478,61.8525,54.0291
39,1288730,0,0,479,61.8459,54.0317
39,1288730,0,0,480,61.8187,54.0192
39,1288730,0,0,481,61.782,53.9846
39,1288730,0,0,482,61.7459,54.0006
39,1288730,0,0,483,61.7413,54.0157
39,1288730,0,0,484,61.7252,54.0295
39,1288730,0,0,485,61.7006,54.0189
39,1288730,0,0,486,61.6672,54.0171
39,1288730,0,0,487,61.6604,54.0298
39,1288730,0,0,488,61.6139,53.9905
39,1288730,0,0,489,61.6116,53.9681
39,1288730,0,0,490,61.571,53.9676
39,1288730,0,0,491,61.5691,54.0082
39,1288730,0,0,492,61.5421,54.0087
39,1288730,0,0,493,61.5518,54.013
39,1288730,0,0,494,61.4806,54.0301
39,1288730,0,0,495,61.4834,54.0507
39,1288730,0,0,496,61.4729,54.0704
39,1288730,0,0,497,61.4806,54.0828
39,1288730,0,0,498,61.4006,54.0869
39,1288730,0,0,499,61.349,54.073
39,1288730,0,0,500,61.3334,54.0792
39,1288730,0,0,501,61.2938,54.0739
39,1288730,0,0,502,61.2661,54.0416
39,1288730,0,0,503,61.2465,54.0378
39,1288730,0,0,504,61.2436,54.0285
39,1288730,0,0,505,61.2723,53.9927
39,1288730,0,0,506,61.2646,53.9652
39,1288730,0,0,507,61.2799,53.9286
39,1288730,0,0,508,61.2051,53.9189
39,1288730,0,0,509,61.1714,53.9431
39,1288730,0,0,510,61.1804,53.972
39,1288730,0,0,511,61.0802,53.9705
39,1288730,0,0,512,61.0886,53.9564
39,1288730,0,0,513,61.0798,53.9454
39,1288730,0,0,514,61.0647,53.9452
39,1288730,0,0,515,61.0544,53.9584
39,1288730,0,0,516,61.0294,53.9551
39,1288730,0,0,517,60.9971,53.9349
39,1288730,0,0,518,60.9935,53.907
39,1288730,0,0,519,61.0362,53.9085
39,1288730,0,0,520,61.0573,53.894
39,1288730,0,0,521,61.1369,53.9045
39,1288730,0,0,522,61.1792,53.8526
39,1288730,0,0,523,61.2073,53.8473
39,1288730,0,0,524,61.2104,53.8382
39,1288730,0,0,525,61.2372,53.8418
39,1288730,0,0,526,61.2272,53.7956
39,1288730,0,0,527,61.1703,53.7722
39,1288730,0,0,528,61.1147,53.7209
39,1288730,0,0,529,61.0585,53.7213
39,1288730,0,0,530,61.0424,53.653
39,1288730,0,0,531,60.9986,53.6508
39,1288730,0,0,532,60.9956,53.6729
39,1288730,0,0,533,60.8959,53.6679
39,1288730,0,0,534,60.9003,53.6287
39,1288730,0,0,535,61.1218,53.6151
39,1288730,0,0,536,61.1264,53.5899
39,1288730,0,0,537,61.2146,53.5636
39,1288730,0,0,538,61.27,53.5671
39,1288730,0,0,539,61.3496,53.5587
39,1288730,0,0,540,61.3912,53.6021
39,1288730,0,0,541,61.5072,53.595
39,1288730,0,0,542,61.51,53.5892
39,1288730,0,0,543,61.5531,53.5931
39,1288730,0,0,544,61.5652,53.5383
39,1288730,0,0,545,61.5822,53.5406
39,1288730,0,0,546,61.5933,53.5261
39,1288730,0,0,547,61.5592,53.5079
39,1288730,0,0,548,61.5689,53.5045
39,1288730,0,0,549,61.5672,53.4967
39,1288730,0,0,550,61.5556,53.4976
39,1288730,0,0,551,61.5505,53.5071
39,1288730,0,0,552,61.5333,53.505
39,1288730,0,0,553,61.5147,53.4906
39,1288730,0,0,554,61.5186,53.473
39,1288730,0,0,555,61.4878,53.4759
39,1288730,0,0,556,61.4648,53.4628
39,1288730,0,0,557,61.4539,53.4682
39,1288730,0,0,558,61.4258,53.4624
39,1288730,0,0,559,61.4284,53.4555
39,1288730,0,0,560,61.3669,53.4674
39,1288730,0,0,561,61.3683,53.4805
39,1288730,0,0,562,61.3594,53.4931
39,1288730,0,0,563,61.3151,53.5073
39,1288730,0,0,564,61.3219,53.5191
39,1288730,0,0,565,61.2583,53.508
39,1288730,0,0,566,61.2288,53.4839
39,1288730,0,0,567,61.2167,53.4318
39,1288730,0,0,568,61.1553,53.4055
39,1288730,0,0,569,61.177,53.3118
39,1288730,0,0,570,61.2262,53.2834
39,1288730,0,0,571,61.3419,53.285
39,1288730,0,0,572,61.4002,53.2739
39,1288730,0,0,573,61.4566,53.2395
39,1288730,0,0,574,61.5271,53.2153
39,1288730,0,0,575,61.6305,53.2232
39,1288730,0,0,576,61.6394,53.2489
39,1288730,0,0,577,61.6739,53.2657
39,1288730,0,0,578,61.7324,53.2392
39,1288730,0,0,579,61.7507,53.2066
39,1288730,0,0,580,61.7842,53.1846
39,1288730,0,0,581,61.916,53.1421
39,1288730,0,0,582,62.0274,53.1419
39,1288730,0,0,583,62.1193,53.1118
39,1288730,0,0,584,62.1474,53.068
39,1288730,0,0,585,62.1304,52.9901
39,1288730,0,0,586,62.0293,52.951
39,1288730,0,0,587,61.9608,52.9502
39,1288730,0,0,588,61.8478,53.0033
39,1288730,0,0,589,61.8342,52.9929
39,1288730,0,0,590,61.8133,52.998
39,1288730,0,0,591,61.7166,52.9914
39,1288730,0,0,592,61.7018,52.9982
39,1288730,0,0,593,61.6732,52.9685
39,1288730,0,0,594,61.6321,52.9541
39,1288730,0,0,595,61.5571,53.0121
39,1288730,0,0,596,61.5226,53.0155
39,1288730,0,0,597,61.469,53.0366
39,1288730,0,0,598,61.3907,52.9923
39,1288730,0,0,599,61.3068,52.996
39,1288730,0,0,600,61.251,53.0362
39,1288730,0,0,601,61.1675,53.0016
39,1288730,0,0,602,61.1431,52.9988
39,1288730,0,0,603,61.1217,52.9877
39,1288730,0,0,604,61.1123,52.9692
39,1288730,0,0,605,61.0946,52.9669
39,1288730,0,0,606,61.054,52.9806
39,1288730,0,0,607,61.0086,52.9781
39,1288730,0,0,608,61.0304,52.9505
39,1288730,0,0,609,61.0742,52.9243
39,1288730,0,0,610,60.9838,52.8851
39,1288730,0,0,611,60.9753,52.8692
39,1288730,0,0,612,60.9429,52.849
39,1288730,0,0,613,60.8878,52.8308
39,1288730,0,0,614,60.8706,52.8328
39,1288730,0,0,615,60.8848,52.8213
39,1288730,0,0,616,60.8344,52.7741
39,1288730,0,0,617,60.7119,52.7644
39,1288730,0,0,618,60.7146,52.663
39,1288730,0,0,619,60.7444,52.6516
39,1288730,0,0,620,60.7447,52.6317
39,1288730,0,0,621,60.7615,52.6267
39,1288730,0,0,622,60.8171,52.6312
39,1288730,0,0,623,60.8431,52.641
39,1288730,0,0,624,60.8418,52.5223
39,1288730,0,0,625,60.9823,52.5079
39,1288730,0,0,626,60.9922,52.4231
39,1288730,0,0,627,61.0668,52.3471
39,1288730,0,0,628,61.0107,52.3261
39,1288730,0,0,629,60.979,52.2883
39,1288730,0,0,630,60.9447,52.2669
39,1288730,0,0,631,60.8364,52.2304
39,1288730,0,0,632,60.7805,52.2291
39,1288730,0,0,633,60.7698,52.205
39,1288730,0,0,634,60.7167,52.1562
39,1288730,0,0,635,60.5108,52.1564
39,1288730,0,0,636,60.3395,52.0548
39,1288730,0,0,637,60.1977,51.9909
39,1288730,0,0,638,60.002,51.9933
39,1288730,0,0,639,60.0033,51.9712
39,1288730,0,0,640,59.9941,51.9646
43,215727,0,0,0,59.0306,46.007
43,215727,0,0,1,59.0973,45.3218
43,215727,0,0,2,60.5838,44.6418
43,215727,0,0,3,61.0669,44.3717
43,215727,0,0,4,61.1076,44.3605
43,215727,0,0,5,61.1381,44.2248
43,215727,0,0,6,61.4254,43.9995
43,215727,0,0,7,62.0041,43.5054
43,215727,0,0,8,62.2425,43.5186
43,215727,0,0,9,63.3491,43.6505
43,215727,0,0,10,63.8576,43.5993
43,215727,0,0,11,64.5349,43.5707
43,215727,0,0,12,64.9323,43.7354
43,215727,0,0,13,65.0022,43.7154
43,215727,0,0,14,65.1849,43.4952
43,215727,0,0,15,65.5321,43.3151
43,215727,0,0,16,65.5593,43.2895
43,215727,0,0,17,65.7418,42.9998
43,215727,0,0,18,65.8442,42.8583
43,215727,0,0,19,66.0967,42.9381
43,215727,0,0,20,66.095,42.5662
43,215727,0,0,21,66.0707,42.3379
43,215727,0,0,22,66.1485,42.3227
43,215727,0,0,23,67.2243,42.9512
43,215727,0,0,24,67.8249,43.178
43,215727,0,0,25,67.875,43.2133
43,215727,0,0,26,67.8709,43.2203
43,215727,0,0,27,67.8364,43.2173
43,215727,0,0,28,67.8215,43.228
43,215727,0,0,29,67.7865,43.225
43,215727,0,0,30,67.7897,43.2337
43,215727,0,0,31,67.8313,43.2528
43,215727,0,0,32,67.7836,43.2564
43,215727,0,0,33,67.7839,43.272
43,215727,0,0,34,67.7664,43.275
43,215727,0,0,35,67.8167,43.2923
43,215727,0,0,36,67.7925,43.3109
43,215727,0,0,37,67.791,43.3212
43,215727,0,0,38,67.7985,43.3244
43,215727,0,0,39,67.7936,43.3293
43,215727,0,0,40,67.7292,43.3385
43,215727,0,0,41,67.7151,43.3466
43,215727,0,0,42,67.7155,43.3539
43,215727,0,0,43,67.7296,43.3588
43,215727,0,0,44,67.7466,43.3514
43,215727,0,0,45,67.7471,43.3591
43,215727,0,0,46,67.7082,43.3675
43,215727,0,0,47,67.6842,43.3535
43,215727,0,0,48,67.6795,43.3275
43,215727,0,0,49,67.6875,43.3134
43,215727,0,0,50,67.6778,43.3101
43,215727,0,0,51,67.6587,43.3311
43,215727,0,0,52,67.6672,43.3671
43,215727,0,0,53,67.6495,43.3759
43,215727,0,0,54,67.725,43.4073
43,215727,0,0,55,67.7507,43.4718
43,215727,0,0,56,67.7341,43.4802
43,215727,0,0,57,67.7935,43.5638
43,215727,0,0,58,67.8138,43.563
43,215727,0,0,59,67.8382,43.6392
43,215727,0,0,60,67.8239,43.7437
43,215727,0,0,61,67.8838,43.7289
43,215727,0,0,62,67.8988,43.705
43,215727,0,0,63,67.919,43.7019
43,215727,0,0,64,67.9354,43.7061
43,215727,0,0,65,67.9715,43.737
43,215727,0,0,66,67.9793,43.8025
43,215727,0,0,67,67.955,43.87
43,215727,0,0,68,67.9211,43.8755
43,215727,0,0,69,67.9216,43.8865
43,215727,0,0,70,67.9656,43.935
43,215727,0,0,71,68.0263,43.9625
43,215727,0,0,72,68.0603,44.0265
43,215727,0,0,73,68.0398,44.0328
43,215727,0,0,74,68.0042,44.063
43,215727,0,0,75,67.9162,44.0986
43,215727,0,0,76,67.887,44.1323
43,215727,0,0,77,67.8069,44.1662
43,215727,0,0,78,67.7866,44.2033
43,215727,0,0,79,67.7564,44.2221
43,215727,0,0,80,67.7334,44.272
43,215727,0,0,81,67.6307,44.3112
43,215727,0,0,82,67.583,44.2951
43,215727,0,0,83,67.462,44.3678
43,215727,0,0,84,67.4874,44.4219
43,215727,0,0,85,67.509,44.4334
43,215727,0,0,86,67.5259,44.6491
43,215727,0,0,87,67.5106,44.8134
43,215727,0,0,88,67.5223,44.8366
43,215727,0,0,89,67.5063,45.0484
43,215727,0,0,90,67.5162,45.1478
43,215727,0,0,91,67.3909,45.1818
43,215727,0,0,92,67.1679,45.3022
43,215727,0,0,93,67.1679,45.3132
43,215727,0,0,94,67.1782,45.3144
43,215727,0,0,95,67.1786,45.3212
43,215727,0,0,96,67.167,45.3349
43,215727,0,0,97,67.1682,45.3512
43,215727,0,0,98,67.2031,45.3828
43,215727,0,0,99,67.2403,45.3956
43,215727,0,0,100,67.2459,45.4062
43,215727,0,0,101,67.2471,45.4182
43,215727,0,0,102,67.2335,45.431
43,215727,0,0,103,67.2638,45.4696
43,215727,0,0,104,67.2582,45.4886
43,215727,0,0,105,67.2647,45.5031
43,215727,0,0,106,67.2577,45.5511
43,215727,0,0,107,67.2448,45.5644
43,215727,0,0,108,67.2567,45.5717
43,215727,0,0,109,67.2535,45.5841
43,215727,0,0,110,67.2623,45.5964
43,215727,0,0,111,67.2908,45.614
43,215727,0,0,112,67.2872,45.6376
43,215727,0,0,113,67.3014,45.6452
43,215727,0,0,114,67.3007,45.6605
43,215727,0,0,115,67.2856,45.666
43,215727,0,0,116,67.2935,45.6874
43,215727,0,0,117,67.3189,45.6976
43,215727,0,0,118,67.3359,45.717
43,215727,0,0,119,67.3421,45.7423
43,215727,0,0,120,67.3654,45.7575
43,215727,0,0,121,67.3481,45.7937
43,215727,0,0,122,67.3261,45.8029
43,215727,0,0,123,67.317,45.8158
43,215727,0,0,124,67.3041,45.8488
43,215727,0,0,125,67.2783,45.8472
43,215727,0,0,126,67.2671,45.8664
43,215727,0,0,127,67.2374,45.8861
43,215727,0,0,128,67.2414,45.8993
43,215727,0,0,129,67.1753,45.9342
43,215727,0,0,130,67.1631,45.9557
43,215727,0,0,131,67.1794,45.9746
43,215727,0,0,132,67.1673,45.9944
43,215727,0,0,133,67.175,46.0005
43,215727,0,0,134,67.1711,46.017
43,215727,0,0,135,67.1609,46.0307
43,215727,0,0,136,67.1826,46.0447
43,215727,0,0,137,67.156,46.0667
43,215727,0,0,138,67.1572,46.0889
43,215727,0,0,139,67.1438,46.1076
43,215727,0,0,140,67.1582,46.1361
43,215727,0,0,141,66.9017,46.1725
43,215727,0,0,142,66.6769,46.1586
43,215727,0,0,143,66.39,46.1625
43,215727,0,0,144,66.0412,46.1802
43,215727,0,0,145,65.8926,46.178
43,215727,0,0,146,65.6982,46.2099
43,215727,0,0,147,65.586,46.2127
43,215727,0,0,148,65.5506,46.2361
43,215727,0,0,149,65.3726,46.3117
43,215727,0,0,150,65.1408,46.4765
43,215727,0,0,151,64.9418,46.5014
43,215727,0,0,152,64.4473,46.6889
43,215727,0,0,153,64.1789,46.742
43,215727,0,0,154,64.03,46.7952
43,215727,0,0,155,63.8486,46.8356
43,215727,0,0,156,63.8039,46.8308
43,215727,0,0,157,63.7608,46.8401
43,215727,0,0,158,63.7395,46.8301
43,215727,0,0,159,63.5089,46.9289
43,215727,0,0,160,63.4473,46.9365
43,215727,0,0,161,63.3031,46.9715
43,215727,0,0,162,63.2078,47.0313
43,215727,0,0,163,63.3706,47.0642
43,215727,0,0,164,63.4071,47.1135
43,215727,0,0,165,63.0183,47.1992
43,215727,0,0,166,62.8901,47.1773
43,215727,0,0,167,62.8602,47.2147
43,215727,0,0,168,62.5812,47.2423
43,215727,0,0,169,62.6057,47.3284
43,215727,0,0,170,62.3326,47.5311
43,215727,0,0,171,62.2125,47.5456
43,215727,0,0,172,62.0758,47.7233
43,215727,0,0,173,61.9249,47.8277
43,215727,0,0,174,61.3516,47.8154
43,215727,0,0,175,61.3142,47.7901
43,215727,0,0,176,61.001,47.2347
43,215727,0,0,177,60.9235,47.1103
43,215727,0,0,178,60.7025,47.1041
43,215727,0,0,179,60.495,47.1218
43,215727,0,0,180,60.4744,46.9108
43,215727,0,0,181,60.3273,46.9132
43,215727,0,0,182,60.1296,46.8949
43,215727,0,0,183,59.7693,46.6625
43,215727,0,0,184,59.5614,46.5
43,215727,0,0,185,59.1118,46.053
43,215727,0,0,186,59.0306,46.007
47,215686,0,0,0,49.8083,44.9753
47,215686,0,0,1,49.8225,44.901
47,215686,0,0,2,49.8714,44.8162
47,215686,0,0,3,49.9248,44.7588
47,215686,0,0,4,50.0336,44.5495
47,215686,0,0,5,50.0574,44.3538
47,215686,0,0,6,50.1032,44.2836
47,215686,0,0,7,50.1591,44.2407
47,215686,0,0,8,50.3103,44.1739
47,215686,0,0,9,50.4101,44.1548
47,215686,0,0,10,50.5488,44.1438
47,215686,0,0,11,50.7003,43.9603
47,215686,0,0,12,50.9509,43.6072
47,215686,0,0,13,51.0968,43.4508
47,215686,0,0,14,51.071,43.1607
47,215686,0,0,15,51.0776,43.1232
47,215686,0,0,16,51.1034,43.0789
47,215686,0,0,17,51.1326,43.0515
47,215686,0,0,18,51.2025,43.0162
47,215686,0,0,19,51.2623,43.0039
47,215686,0,0,20,51.5578,42.9675
47,215686,0,0,21,51.6356,42.8935
47,215686,0,0,22,51.7371,42.7574
47,215686,0,0,23,51.767,42.7302
47,215686,0,0,24,51.8365,42.6959
47,215686,0,0,25,52.1954,42.6508
47,215686,0,0,26,52.3928,42.6018
47,215686,0,0,27,52.4406,42.4697
47,215686,0,0,28,52.2586,42.2122
47,215686,0,0,29,52.229,42.1171
47,215686,0,0,30,52.2263,42.0889
47,215686,0,0,31,52.2405,42.0137
47,215686,0,0,32,52.2472,41.7722
47,215686,0,0,33,52.2591,41.7244
47,215686,0,0,34,52.267,41.6143
47,215686,0,0,35,52.4968,41.7973
47,215686,0,0,36,52.9848,42.1212
47,215686,0,0,37,53.5706,42.2889
47,215686,0,0,38,54.2164,42.3792
47,215686,0,0,39,54.7795,42.0525
47,215686,0,0,40,54.9289,41.9283
47,215686,0,0,41,54.9521,41.9063
47,215686,0,0,42,54.95,41.8332
47,215686,0,0,43,55.0662,41.6993
47,215686,0,0,44,55.1196,41.6047
47,215686,0,0,45,55.2114,41.5146
47,215686,0,0,46,55.2684,41.438
47,215686,0,0,47,55.3155,41.3909
47,215686,0,0,48,55.3376,41.3803
47,215686,0,0,49,55.3752,41.3448
47,215686,0,0,50,55.3983,41.3372
47,215686,0,0,51,55.3937,41.3264
47,215686,0,0,52,55.4149,41.3137
47,215686,0,0,53,55.4104,41.2995
47,215686,0,0,54,55.4299,41.2926
47,215686,0,0,55,55.4305,41.2795
47,215686,0,0,56,55.4422,41.2937
47,215686,0,0,57,55.4515,41.2865
47,215686,0,0,58,55.4506,41.2693
47,215686,0,0,59,55.4723,41.2717
47,215686,0,0,60,55.4996,41.2516
47,215686,0,0,61,55.5427,41.2593
47,215686,0,0,62,55.557,41.2756
47,215686,0,0,63,55.5452,41.288
47,215686,0,0,64,55.559,41.2854
47,215686,0,0,65,55.5565,41.2936
47,215686,0,0,66,55.567,41.2944
47,215686,0,0,67,55.5769,41.2719
47,215686,0,0,68,55.6,41.2729
47,215686,0,0,69,55.6028,41.2595
47,215686,0,0,70,55.5969,41.2565
47,215686,0,0,71,55.6033,41.2464
47,215686,0,0,72,55.6099,41.2507
47,215686,0,0,73,55.609,41.2666
47,215686,0,0,74,55.6356,41.2828
47,215686,0,0,75,55.6493,41.277
47,215686,0,0,76,55.6813,41.2888
47,215686,0,0,77,55.683,41.2822
47,215686,0,0,78,55.6885,41.2871
47,215686,0,0,79,55.7271,41.2795
47,215686,0,0,80,55.7215,41.2932
47,215686,0,0,81,55.7411,41.2947
47,215686,0,0,82,55.7433,41.3021
47,215686,0,0,83,55.7738,41.2841
47,215686,0,0,84,55.8117,41.2783
47,215686,0,0,85,55.8164,41.2972
47,215686,0,0,86,55.8767,41.3318
47,215686,0,0,87,55.9986,41.3222
47,215686,0,0,88,55.9989,45.0001
47,215686,0,0,89,56.7441,45.1774
47,215686,0,0,90,56.6594,45.6529
47,215686,0,0,91,56.6448,45.6669
47,215686,0,0,92,56.6058,45.9261
47,215686,0,0,93,56.5525,46.0059
47,215686,0,0,94,56.5165,46.0974
47,215686,0,0,95,56.4666,46.1322
47,215686,0,0,96,56.3699,46.1346
47,215686,0,0,97,56.3509,46.1458
47,215686,0,0,98,56.2862,46.1516
47,215686,0,0,99,56.1971,46.1386
47,215686,0,0,100,56.1217,46.1545
47,215686,0,0,101,56.0448,46.2115
47,215686,0,0,102,55.9815,46.2105
47,215686,0,0,103,55.9731,46.2484
47,215686,0,0,104,55.9576,46.2592
47,215686,0,0,105,55.9022,46.2359
47,215686,0,0,106,55.8361,46.2502
47,215686,0,0,107,55.8177,46.2629
47,215686,0,0,108,55.8197,46.2762
47,215686,0,0,109,55.859,46.3034
47,215686,0,0,110,55.8251,46.3485
47,215686,0,0,111,55.8308,46.3805
47,215686,0,0,112,55.818,46.4012
47,215686,0,0,113,55.7948,46.4105
47,215686,0,0,114,55.7186,46.4086
47,215686,0,0,115,55.698,46.3997
47,215686,0,0,116,55.6583,46.4215
47,215686,0,0,117,55.6284,46.4156
47,215686,0,0,118,55.6031,46.4208
47,215686,0,0,119,55.4879,46.5201
47,215686,0,0,120,55.2705,46.3674
47,215686,0,0,121,55.0896,46.3795
47,215686,0,0,122,54.8326,46.3635
47,215686,0,0,123,54.6928,46.3231
47,215686,0,0,124,54.5309,46.2958
47,215686,0,0,125,54.5047,46.301
47,215686,0,0,126,54.3077,46.257
47,215686,0,0,127,54.2452,46.2492
47,215686,0,0,128,54.1037,46.2529
47,215686,0,0,129,54.0779,46.241
47,215686,0,0,130,53.9717,46.2461
47,215686,0,0,131,53.9686,46.1924
47,215686,0,0,132,53.8953,46.1273
47,215686,0,0,133,53.6845,46.0189
47,215686,0,0,134,53.6772,45.9866
47,215686,0,0,135,53.7736,45.9863
47,215686,0,0,136,53.7236,45.9403
47,215686,0,0,137,53.6478,45.8989
47,215686,0,0,138,53.41,45.8137
47,215686,0,0,139,53.3174,45.8008
47,215686,0,0,140,53.1877,45.8131
47,215686,0,0,141,53.1589,45.7459
47,215686,0,0,142,52.958,45.7556
47,215686,0,0,143,52.6754,45.8113
47,215686,0,0,144,52.568,45.7493
47,215686,0,0,145,52.5415,45.7197
47,215686,0,0,146,52.4719,45.6078
47,215686,0,0,147,52.2904,45.5524
47,215686,0,0,148,52.1557,45.5345
47,215686,0,0,149,51.8197,45.5881
47,215686,0,0,150,51.73,45.5927
47,215686,0,0,151,51.3424,45.507
47,215686,0,0,152,51.2692,45.4626
47,215686,0,0,153,51.1641,45.3644
47,215686,0,0,154,51.0786,45.264
47,215686,0,0,155,50.8716,45.1156
47,215686,0,0,156,50.7077,45.0808
47,215686,0,0,157,50.4106,45.1856
47,215686,0,0,158,50.3144,45.1983
47,215686,0,0,159,50.0741,45.1936
47,215686,0,0,160,49.9619,45.1723
47,215686,0,0,161,49.8831,45.1344
47,215686,0,0,162,49.8472,45.0947
47,215686,0,0,163,49.8164,45.0234
47,215686,0,0,164,49.8083,44.9753
55,215772,0,0,0,73.4054,53.172
55,215772,0,0,1,73.4133,53.146
55,215772,0,0,2,73.4238,53.1388
55,215772,0,0,3,73.4154,53.1501
55,215772,0,0,4,73.4215,53.1538
55,215772,0,0,5,73.4342,53.1233
55,215772,0,0,6,73.5153,53.1374
55,215772,0,0,7,73.6527,53.2079
55,215772,0,0,8,73.6861,53.1901
55,215772,0,0,9,73.7342,53.1991
55,215772,0,0,10,73.7758,53.1657
55,215772,0,0,11,73.7436,53.1458
55,215772,0,0,12,73.7315,53.126
55,215772,0,0,13,73.6623,53.0982
55,215772,0,0,14,73.6486,53.0625
55,215772,0,0,15,73.5764,53.0081
55,215772,0,0,16,73.5682,52.9804
55,215772,0,0,17,73.5465,52.9685
55,215772,0,0,18,73.538,52.9529
55,215772,0,0,19,73.5091,52.9527
55,215772,0,0,20,73.5135,52.9494
55,215772,0,0,21,73.5046,52.9381
55,215772,0,0,22,73.5358,52.9407
55,215772,0,0,23,73.6118,52.9843
55,215772,0,0,24,73.6678,52.9328
55,215772,0,0,25,73.622,52.8963
55,215772,0,0,26,73.5912,52.8818
55,215772,0,0,27,73.6227,52.8641
55,215772,0,0,28,73.6288,52.8142
55,215772,0,0,29,73.6661,52.8118
55,215772,0,0,30,73.6884,52.7982
55,215772,0,0,31,73.7371,52.8218
55,215772,0,0,32,73.7659,52.8088
55,215772,0,0,33,73.8562,52.901
55,215772,0,0,34,73.8697,52.8931
55,215772,0,0,35,73.9895,52.9304
55,215772,0,0,36,74.0344,52.8332
55,215772,0,0,37,73.9831,52.8303
55,215772,0,0,38,73.9856,52.7626
55,215772,0,0,39,73.9173,52.7614
55,215772,0,0,40,73.9212,52.6528
55,215772,0,0,41,73.8535,52.652
55,215772,0,0,42,73.8121,52.6793
55,215772,0,0,43,73.8032,52.6939
55,215772,0,0,44,73.7388,52.6948
55,215772,0,0,45,73.7344,52.7113
55,215772,0,0,46,73.7178,52.7111
55,215772,0,0,47,73.7109,52.7199
55,215772,0,0,48,73.6894,52.6936
55,215772,0,0,49,73.6666,52.6934
55,215772,0,0,50,73.7456,52.6272
55,215772,0,0,51,73.9205,52.6267
55,215772,0,0,52,73.9207,52.544
55,215772,0,0,53,73.9993,52.5438
55,215772,0,0,54,74.0003,51.9323
55,215772,0,0,55,74.0313,51.9318
55,215772,0,0,56,74.0291,51.8911
55,215772,0,0,57,73.9672,51.8929
55,215772,0,0,58,73.9331,51.8777
55,215772,0,0,59,73.9049,51.8503
55,215772,0,0,60,73.8366,51.8063
55,215772,0,0,61,73.8268,51.8152
55,215772,0,0,62,73.8099,51.8043
55,215772,0,0,63,73.8093,51.796
55,215772,0,0,64,73.8219,51.7906
55,215772,0,0,65,73.8159,51.7886
55,215772,0,0,66,73.8143,51.7664
55,215772,0,0,67,73.7984,51.7525
55,215772,0,0,68,73.8009,51.7382
55,215772,0,0,69,73.7917,51.7292
55,215772,0,0,70,73.7959,51.7193
55,215772,0,0,71,73.7866,51.7038
55,215772,0,0,72,73.7937,51.6988
55,215772,0,0,73,73.7865,51.6884
55,215772,0,0,74,73.8051,51.6656
55,215772,0,0,75,73.7994,51.6548
55,215772,0,0,76,73.7872,51.6517
55,215772,0,0,77,73.778,51.628
55,215772,0,0,78,73.793,51.6228
55,215772,0,0,79,73.9094,51.6285
55,215772,0,0,80,74.0076,51.6425
55,215772,0,0,81,74.0369,51.5989
55,215772,0,0,82,74.0994,51.5947
55,215772,0,0,83,74.2506,51.5629
55,215772,0,0,84,74.2617,51.5241
55,215772,0,0,85,74.1635,51.5302
55,215772,0,0,86,74.1343,51.5132
55,215772,0,0,87,73.9856,51.5014
55,215772,0,0,88,73.8111,51.4388
55,215772,0,0,89,73.8047,51.4222
55,215772,0,0,90,73.8177,51.3953
55,215772,0,0,91,73.8017,51.3917
55,215772,0,0,92,73.7978,51.381
55,215772,0,0,93,73.7842,51.3829
55,215772,0,0,94,73.7845,51.3749
55,215772,0,0,95,73.7258,51.3625
55,215772,0,0,96,73.7188,51.3472
55,215772,0,0,97,73.6982,51.3398
55,215772,0,0,98,73.6879,51.3245
55,215772,0,0,99,73.6833,51.2935
55,215772,0,0,100,73.6684,51.2792
55,215772,0,0,101,74.0305,51.2019
55,215772,0,0,102,74.0109,51.1931
55,215772,0,0,103,74.0013,51.1674
55,215772,0,0,104,74.0168,51.1575
55,215772,0,0,105,74.0202,51.1375
55,215772,0,0,106,74.034,51.1365
55,215772,0,0,107,74.0482,51.098
55,215772,0,0,108,74.0002,51.0446
55,215772,0,0,109,74.001,51.0264
55,215772,0,0,110,74.0111,51.0219
55,215772,0,0,111,74.0175,51.0042
55,215772,0,0,112,74.0266,51.0027
55,215772,0,0,113,74.0167,50.999
55,215772,0,0,114,74.0203,50.9903
55,215772,0,0,115,74.0083,50.9871
55,215772,0,0,116,74.0181,50.9765
55,215772,0,0,117,74.0028,50.9743
55,215772,0,0,118,74.0026,50.9629
55,215772,0,0,119,73.9895,50.9513
55,215772,0,0,120,74.031,50.9224
55,215772,0,0,121,74.04,50.8559
55,215772,0,0,122,74.0673,50.8347
55,215772,0,0,123,73.9836,50.7896
55,215772,0,0,124,73.9814,50.735
55,215772,0,0,125,74.0579,50.6123
55,215772,0,0,126,74.2867,50.6169
55,215772,0,0,127,74.3682,50.6371
55,215772,0,0,128,74.4009,50.662
55,215772,0,0,129,74.4502,50.6633
55,215772,0,0,130,74.4812,50.6451
55,215772,0,0,131,74.581,50.6287
55,215772,0,0,132,74.6278,50.6075
55,215772,0,0,133,74.6276,50.589
55,215772,0,0,134,74.5968,50.5546
55,215772,0,0,135,74.6008,50.5158
55,215772,0,0,136,74.6321,50.4888
55,215772,0,0,137,74.6451,50.4664
55,215772,0,0,138,74.6778,50.4789
55,215772,0,0,139,74.709,50.4804
55,215772,0,0,140,74.7253,50.5286
55,215772,0,0,141,74.7585,50.5458
55,215772,0,0,142,74.8265,50.4827
55,215772,0,0,143,74.8713,50.4544
55,215772,0,0,144,74.9141,50.4678
55,215772,0,0,145,74.9391,50.4455
55,215772,0,0,146,74.9661,50.412
55,215772,0,0,147,74.9732,50.3517
55,215772,0,0,148,74.9597,50.3467
55,215772,0,0,149,74.9723,50.3299
55,215772,0,0,150,75.0187,50.3027
55,215772,0,0,151,75.1398,50.2548
55,215772,0,0,152,75.1305,50.2315
55,215772,0,0,153,75.1092,50.2252
55,215772,0,0,154,75.1163,50.2181
55,215772,0,0,155,74.9363,50.1844
55,215772,0,0,156,74.8411,50.1195
55,215772,0,0,157,74.8033,50.1068
55,215772,0,0,158,74.8452,50.0404
55,215772,0,0,159,74.9126,50.038
55,215772,0,0,160,74.9447,50.0136
55,215772,0,0,161,75.01,50.0227
55,215772,0,0,162,75.0124,50.0296
55,215772,0,0,163,75.0738,50.0539
55,215772,0,0,164,75.0864,50.074
55,215772,0,0,165,75.2438,50.1258
55,215772,0,0,166,75.2832,50.1438
55,215772,0,0,167,75.2882,50.1552
55,215772,0,0,168,75.3165,50.1716
55,215772,0,0,169,75.4412,50.1876
55,215772,0,0,170,75.5703,50.1809
55,215772,0,0,171,75.642,50.1892
55,215772,0,0,172,75.6726,50.2201
55,215772,0,0,173,75.7047,50.2342
55,215772,0,0,174,75.7271,50.2339
55,215772,0,0,175,75.7343,50.2225
55,215772,0,0,176,75.7554,50.2217
55,215772,0,0,177,75.7764,50.2033
55,215772,0,0,178,75.8479,50.2041
55,215772,0,0,179,75.9291,50.2211
55,215772,0,0,180,75.9782,50.2432
55,215772,0,0,181,76.0367,50.2572
55,215772,0,0,182,76.1066,50.2577
55,215772,0,0,183,76.2162,50.2127
55,215772,0,0,184,76.223,50.2357
55,215772,0,0,185,76.2668,50.2627
55,215772,0,0,186,76.2725,50.3048
55,215772,0,0,187,76.3264,50.3148
55,215772,0,0,188,76.32,50.3286
55,215772,0,0,189,76.5252,50.3309
55,215772,0,0,190,76.652,50.2719
55,215772,0,0,191,76.6909,50.3105
55,215772,0,0,192,76.7028,50.3538
55,215772,0,0,193,76.692,50.3645
55,215772,0,0,194,76.7004,50.3751
55,215772,0,0,195,76.6919,50.3884
55,215772,0,0,196,76.6993,50.395
55,215772,0,0,197,76.6948,50.4166
55,215772,0,0,198,76.7354,50.4512
55,215772,0,0,199,76.7282,50.4706
55,215772,0,0,200,76.7519,50.4923
55,215772,0,0,201,76.7546,50.5512
55,215772,0,0,202,76.7833,50.5953
55,215772,0,0,203,76.8173,50.6041
55,215772,0,0,204,76.8424,50.6393
55,215772,0,0,205,77.0617,50.6597
55,215772,0,0,206,77.077,50.6675
55,215772,0,0,207,77.2531,50.5672
55,215772,0,0,208,77.3785,50.5481
55,215772,0,0,209,77.4505,50.5507
55,215772,0,0,210,77.6459,50.4646
55,215772,0,0,211,77.6434,50.3612
55,215772,0,0,212,77.6003,50.2783
55,215772,0,0,213,77.6972,50.2219
55,215772,0,0,214,77.7556,50.2353
55,215772,0,0,215,77.8031,50.1922
55,215772,0,0,216,78.1876,50.0831
55,215772,0,0,217,78.3933,50.0371
55,215772,0,0,218,78.474,50.0424
55,215772,0,0,219,78.5869,50.0825
55,215772,0,0,220,78.6189,50.1036
55,215772,0,0,221,78.7108,50.2129
55,215772,0,0,222,78.7376,50.2573
55,215772,0,0,223,78.7883,50.3109
55,215772,0,0,224,78.7707,50.4397
55,215772,0,0,225,78.6767,50.4576
55,215772,0,0,226,78.6846,50.516
55,215772,0,0,227,78.6724,50.5883
55,215772,0,0,228,78.6882,50.6289
55,215772,0,0,229,78.6835,50.6745
55,215772,0,0,230,78.7003,50.6908
55,215772,0,0,231,78.6902,50.7003
55,215772,0,0,232,78.6114,50.6861
55,215772,0,0,233,78.5237,50.681
55,215772,0,0,234,78.458,50.7364
55,215772,0,0,235,78.4515,50.7692
55,215772,0,0,236,78.4743,50.7797
55,215772,0,0,237,78.4789,50.7968
55,215772,0,0,238,78.4625,50.8371
55,215772,0,0,239,78.3682,50.853
55,215772,0,0,240,78.3459,50.8742
55,215772,0,0,241,78.2801,50.8757
55,215772,0,0,242,78.2476,50.9171
55,215772,0,0,243,78.2374,50.9459
55,215772,0,0,244,78.2013,50.965
55,215772,0,0,245,78.1857,51.0198
55,215772,0,0,246,78.1271,51.0278
55,215772,0,0,247,78.1316,51.0639
55,215772,0,0,248,78.0794,51.08
55,215772,0,0,249,78.0847,51.0924
55,215772,0,0,250,78.13,51.1039
55,215772,0,0,251,78.1397,51.1137
55,215772,0,0,252,78.089,51.1383
55,215772,0,0,253,78.1943,51.1855
55,215772,0,0,254,78.2444,51.1888
55,215772,0,0,255,78.2872,51.2011
55,215772,0,0,256,78.3103,51.2116
55,215772,0,0,257,78.3401,51.2448
55,215772,0,0,258,78.3907,51.219
55,215772,0,0,259,78.4179,51.2195
55,215772,0,0,260,78.5421,51.2376
55,215772,0,0,261,78.6353,51.2746
55,215772,0,0,262,78.6409,51.2908
55,215772,0,0,263,78.6955,51.2931
55,215772,0,0,264,78.6983,51.3115
55,215772,0,0,265,78.7847,51.2982
55,215772,0,0,266,78.7835,51.3733
55,215772,0,0,267,78.7897,51.3818
55,215772,0,0,268,78.7481,51.3814
55,215772,0,0,269,78.7421,51.4471
55,215772,0,0,270,78.9178,51.458
55,215772,0,0,271,78.9841,51.4493
55,215772,0,0,272,79.1028,51.5244
55,215772,0,0,273,79.0613,51.587
55,215772,0,0,274,79.1995,51.6187
55,215772,0,0,275,79.2205,51.6299
55,215772,0,0,276,79.2492,51.6518
55,215772,0,0,277,79.2459,51.665
55,215772,0,0,278,79.2304,51.6704
55,215772,0,0,279,79.2322,51.6822
55,215772,0,0,280,79.2589,51.6876
55,215772,0,0,281,79.248,51.6922
55,215772,0,0,282,79.2543,51.6996
55,215772,0,0,283,79.3475,51.7088
55,215772,0,0,284,79.1872,51.9231
55,215772,0,0,285,78.7171,52.4289
55,215772,0,0,286,78.3784,52.8076
55,215772,0,0,287,78.0257,53.161
55,215772,0,0,288,77.9065,53.2914
55,215772,0,0,289,77.3244,53.6027
55,215772,0,0,290,76.5523,53.9916
55,215772,0,0,291,76.5041,54.0319
55,215772,0,0,292,76.4978,54.0714
55,215772,0,0,293,76.4351,54.1228
55,215772,0,0,294,76.4392,54.1672
55,215772,0,0,295,76.5828,54.1489
55,215772,0,0,296,76.6163,54.1611
55,215772,0,0,297,76.6447,54.1244
55,215772,0,0,298,76.6951,54.147
55,215772,0,0,299,76.7568,54.1617
55,215772,0,0,300,76.7496,54.1824
55,215772,0,0,301,76.8277,54.2244
55,215772,0,0,302,76.8359,54.2624
55,215772,0,0,303,76.8291,54.2739
55,215772,0,0,304,76.8651,54.2862
55,215772,0,0,305,76.8785,54.3022
55,215772,0,0,306,76.8603,54.3611
55,215772,0,0,307,76.8205,54.368
55,215772,0,0,308,76.7865,54.3599
55,215772,0,0,309,76.7816,54.3776
55,215772,0,0,310,76.953,54.4157
55,215772,0,0,311,76.9363,54.4258
55,215772,0,0,312,76.9393,54.4388
55,215772,0,0,313,76.9291,54.4579
55,215772,0,0,314,76.845,54.44
55,215772,0,0,315,76.7956,54.4191
55,215772,0,0,316,76.7299,54.4186
55,215772,0,0,317,76.7306,54.4029
55,215772,0,0,318,76.6906,54.3751
55,215772,0,0,319,76.6761,54.3449
55,215772,0,0,320,76.6477,54.3358
55,215772,0,0,321,76.5835,54.3417
55,215772,0,0,322,76.5454,54.3272
55,215772,0,0,323,76.476,54.3183
55,215772,0,0,324,76.3522,54.3341
55,215772,0,0,325,76.2585,54.3586
55,215772,0,0,326,76.2307,54.3237
55,215772,0,0,327,76.1868,54.3016
55,215772,0,0,328,76.2278,54.2761
55,215772,0,0,329,76.2034,54.2603
55,215772,0,0,330,75.5979,54.0982
55,215772,0,0,331,75.5285,54.1149
55,215772,0,0,332,75.3756,54.0696
55,215772,0,0,333,75.4417,54.0079
55,215772,0,0,334,75.4404,53.9724
55,215772,0,0,335,75.4115,53.9721
55,215772,0,0,336,75.4112,53.9596
55,215772,0,0,337,75.3772,53.9596
55,215772,0,0,338,75.3243,53.9395
55,215772,0,0,339,75.2167,53.876
55,215772,0,0,340,75.0536,53.7956
55,215772,0,0,341,74.9844,53.8119
55,215772,0,0,342,74.9891,53.8185
55,215772,0,0,343,74.9823,53.8225
55,215772,0,0,344,74.8848,53.8243
55,215772,0,0,345,74.8633,53.8179
55,215772,0,0,346,74.7886,53.8282
55,215772,0,0,347,74.7571,53.7444
55,215772,0,0,348,74.6677,53.7561
55,215772,0,0,349,74.6349,53.6681
55,215772,0,0,350,74.4577,53.6913
55,215772,0,0,351,74.4213,53.5939
55,215772,0,0,352,74.451,53.5896
55,215772,0,0,353,74.4473,53.581
55,215772,0,0,354,74.4883,53.5756
55,215772,0,0,355,74.3897,53.456
55,215772,0,0,356,74.2913,53.4918
55,215772,0,0,357,74.3053,53.5173
55,215772,0,0,358,74.268,53.5235
55,215772,0,0,359,74.2871,53.5601
55,215772,0,0,360,74.2344,53.569
55,215772,0,0,361,74.243,53.5883
55,215772,0,0,362,74.162,53.6016
55,215772,0,0,363,74.146,53.5543
55,215772,0,0,364,74.0509,53.5661
55,215772,0,0,365,74.0717,53.6297
55,215772,0,0,366,73.901,53.6511
55,215772,0,0,367,73.821,53.5782
55,215772,0,0,368,73.7475,53.6069
55,215772,0,0,369,73.6664,53.613
55,215772,0,0,370,73.6451,53.5528
55,215772,0,0,371,73.5943,53.559
55,215772,0,0,372,73.5812,53.5202
55,215772,0,0,373,73.4387,53.4354
55,215772,0,0,374,73.5844,53.2948
55,215772,0,0,375,73.5898,53.2819
55,215772,0,0,376,73.5843,53.263
55,215772,0,0,377,73.5412,53.2611
55,215772,0,0,378,73.4304,53.2925
55,215772,0,0,379,73.4141,53.246
55,215772,0,0,380,73.4054,53.172
55,215772,0,1,0,73.7717,53.0398
55,215772,0,1,1,73.7952,53.0756
55,215772,0,1,2,73.8859,53.0536
55,215772,0,1,3,73.8874,52.9994
55,215772,0,1,4,73.8403,53.0109
55,215772,0,1,5,73.786,52.9906
55,215772,0,1,6,73.7717,53.0398
59,215760,0,0,0,65.9636,53.9969
59,215760,0,0,1,66.0014,53.9275
59,215760,0,0,2,66.0245,53.9327
59,215760,0,0,3,66.0471,53.8033
59,215760,0,0,4,66.1785,53.8054
59,215760,0,0,5,66.1719,53.6681
59,215760,0,0,6,66.1538,53.6675
59,215760,0,0,7,66.1039,53.6102
59,215760,0,0,8,66.1103,53.5029
59,215760,0,0,9,66.2482,53.5034
59,215760,0,0,10,66.2564,53.1937
59,215760,0,0,11,66.3993,53.155
59,215760,0,0,12,66.4009,53.1038
59,215760,0,0,13,66.4007,53.0896
59,215760,0,0,14,66.1992,53.1111
59,215760,0,0,15,66.2058,53.0937
59,215760,0,0,16,66.0527,53.0614
59,215760,0,0,17,66.0698,52.9816
59,215760,0,0,18,66.3208,52.9701
59,215760,0,0,19,66.3067,52.8865
59,215760,0,0,20,66.1173,52.8938
59,215760,0,0,21,66.1277,52.7642
59,215760,0,0,22,66.0188,52.7609
59,215760,0,0,23,66.0069,52.4344
59,215760,0,0,24,66.0782,52.4517
59,215760,0,0,25,66.2402,52.3325
59,215760,0,0,26,66.3561,52.3606
59,215760,0,0,27,66.4887,52.3753
59,215760,0,0,28,66.5397,52.3686
59,215760,0,0,29,66.5643,52.3044
59,215760,0,0,30,66.5442,52.2933
59,215760,0,0,31,66.5414,52.2816
59,215760,0,0,32,66.6238,52.2737
59,215760,0,0,33,66.7811,52.2814
59,215760,0,0,34,66.8308,52.26
59,215760,0,0,35,66.9115,52.2434
59,215760,0,0,36,66.9845,52.2508
59,215760,0,0,37,67.0564,52.244
59,215760,0,0,38,67.108,52.2545
59,215760,0,0,39,67.296,52.2069
59,215760,0,0,40,67.2894,52.2537
59,215760,0,0,41,67.2959,52.2582
59,215760,0,0,42,67.2976,52.4283
59,215760,0,0,43,67.4303,52.4289
59,215760,0,0,44,67.5375,52.4268
59,215760,0,0,45,67.5956,52.3727
59,215760,0,0,46,67.6939,52.3594
59,215760,0,0,47,67.7319,52.3472
59,215760,0,0,48,67.8591,52.274
59,215760,0,0,49,67.9037,52.3264
59,215760,0,0,50,67.8795,52.3371
59,215760,0,0,51,67.913,52.3768
59,215760,0,0,52,67.9769,52.3517
59,215760,0,0,53,67.9815,52.3558
59,215760,0,0,54,67.967,52.3624
59,215760,0,0,55,67.9995,52.3798
59,215760,0,0,56,67.9944,52.402
59,215760,0,0,57,68.0498,52.461
59,215760,0,0,58,68.0384,52.4838
59,215760,0,0,59,67.995,52.4836
59,215760,0,0,60,67.9894,52.5444
59,215760,0,0,61,68.1389,52.5451
59,215760,0,0,62,68.1614,52.594
59,215760,0,0,63,68.2281,52.6067
59,215760,0,0,64,68.338,52.6058
59,215760,0,0,65,68.3599,52.6572
59,215760,0,0,66,68.3926,52.6564
59,215760,0,0,67,68.4148,52.7077
59,215760,0,0,68,68.4023,52.717
59,215760,0,0,69,68.452,52.7333
59,215760,0,0,70,68.4914,52.7569
59,215760,0,0,71,68.5035,52.7389
59,215760,0,0,72,68.5379,52.7379
59,215760,0,0,73,68.5621,52.7823
59,215760,0,0,74,68.5933,52.7841
59,215760,0,0,75,68.6306,52.8012
59,215760,0,0,76,68.6563,52.7919
59,215760,0,0,77,68.6749,52.7952
59,215760,0,0,78,68.6869,52.828
59,215760,0,0,79,68.6405,52.8627
59,215760,0,0,80,68.6663,52.8695
59,215760,0,0,81,68.6201,52.9705
59,215760,0,0,82,68.6272,52.9831
59,215760,0,0,83,68.7414,53.0311
59,215760,0,0,84,68.7835,53.0915
59,215760,0,0,85,68.7357,53.0939
59,215760,0,0,86,68.701,53.1156
59,215760,0,0,87,68.7417,53.1259
59,215760,0,0,88,68.7513,53.1957
59,215760,0,0,89,68.726,53.1966
59,215760,0,0,90,68.7278,53.2069
59,215760,0,0,91,68.6966,53.2097
59,215760,0,0,92,68.7061,53.2666
59,215760,0,0,93,68.6415,53.2754
59,215760,0,0,94,68.5789,53.2723
59,215760,0,0,95,68.5814,53.3004
59,215760,0,0,96,68.5561,53.3069
59,215760,0,0,97,68.5464,53.318
59,215760,0,0,98,68.5483,53.3276
59,215760,0,0,99,68.5284,53.3269
59,215760,0,0,100,68.5181,53.38
59,215760,0,0,101,68.4998,53.3934
59,215760,0,0,102,68.506,53.4081
59,215760,0,0,103,68.48,53.4612
59,215760,0,0,104,68.503,53.4748
59,215760,0,0,105,68.5304,53.4625
59,215760,0,0,106,68.5603,53.4642
59,215760,0,0,107,68.5626,53.485
59,215760,0,0,108,68.5838,53.4817
59,215760,0,0,109,68.6039,53.5092
59,215760,0,0,110,68.6493,53.5043
59,215760,0,0,111,68.6551,53.5261
59,215760,0,0,112,68.651,53.5517
59,215760,0,0,113,68.7617,53.5537
59,215760,0,0,114,68.7698,53.5678
59,215760,0,0,115,68.7496,53.58
59,215760,0,0,116,68.7546,53.5955
59,215760,0,0,117,68.7352,53.6099
59,215760,0,0,118,68.7307,53.6419
59,215760,0,0,119,68.8165,53.6356
59,215760,0,0,120,68.8171,53.6479
59,215760,0,0,121,68.8988,53.6443
59,215760,0,0,122,68.8907,53.6149
59,215760,0,0,123,69.0284,53.6151
59,215760,0,0,124,69.0285,53.6768
59,215760,0,0,125,69.1348,53.6773
59,215760,0,0,126,69.1346,53.5968
59,215760,0,0,127,69.2397,53.5964
59,215760,0,0,128,69.2399,53.5695
59,215760,0,0,129,69.2701,53.5695
59,215760,0,0,130,69.2706,53.5559
59,215760,0,0,131,69.3047,53.5574
59,215760,0,0,132,69.3047,53.5077
59,215760,0,0,133,69.4183,53.5276
59,215760,0,0,134,69.4277,53.5508
59,215760,0,0,135,69.4108,53.5511
59,215760,0,0,136,69.4102,53.5722
59,215760,0,0,137,69.3798,53.5726
59,215760,0,0,138,69.3794,53.5985
59,215760,0,0,139,69.4266,53.6027
59,215760,0,0,140,69.4383,53.6349
59,215760,0,0,141,69.478,53.6354
59,215760,0,0,142,69.483,53.6497
59,215760,0,0,143,69.5448,53.6493
59,215760,0,0,144,69.5456,53.6793
59,215760,0,0,145,69.6362,53.6777
59,215760,0,0,146,69.6453,53.6844
59,215760,0,0,147,69.6486,53.6785
59,215760,0,0,148,69.6808,53.6772
59,215760,0,0,149,69.6808,53.6681
59,215760,0,0,150,69.802,53.6683
59,215760,0,0,151,69.8022,53.6324
59,215760,0,0,152,69.8401,53.6327
59,215760,0,0,153,69.8392,53.5193
59,215760,0,0,154,69.8709,53.5196
59,215760,0,0,155,69.8742,53.53
59,215760,0,0,156,69.9108,53.5203
59,215760,0,0,157,69.9782,53.523
59,215760,0,0,158,70.0152,53.5096
59,215760,0,0,159,70.0732,53.5082
59,215760,0,0,160,70.0701,53.4343
59,215760,0,0,161,70.0084,53.4188
59,215760,0,0,162,70.0132,53.38
59,215760,0,0,163,69.9964,53.3628
59,215760,0,0,164,70.209,53.3589
59,215760,0,0,165,70.2092,53.3679
59,215760,0,0,166,70.2289,53.3674
59,215760,0,0,167,70.2959,53.2916
59,215760,0,0,168,70.3171,53.2506
59,215760,0,0,169,70.3197,53.2269
59,215760,0,0,170,70.3666,53.2199
59,215760,0,0,171,70.4547,53.2339
59,215760,0,0,172,70.4471,53.3221
59,215760,0,0,173,70.5837,53.3341
59,215760,0,0,174,70.5829,53.4305
59,215760,0,0,175,71.0229,53.428
59,215760,0,0,176,71.0228,53.421
59,215760,0,0,177,71.0626,53.4218
59,215760,0,0,178,71.0117,53.331
59,215760,0,0,179,71.1458,53.3286
59,215760,0,0,180,71.1455,53.3163
59,215760,0,0,181,71.1859,53.3171
59,215760,0,0,182,71.2441,53.3045
59,215760,0,0,183,71.2915,53.3267
59,215760,0,0,184,71.3174,53.3264
59,215760,0,0,185,71.3841,53.3475
59,215760,0,0,186,71.4033,53.3602
59,215760,0,0,187,71.404,53.3705
59,215760,0,0,188,71.4303,53.3848
59,215760,0,0,189,71.5105,53.3979
59,215760,0,0,190,71.5487,53.4182
59,215760,0,0,191,71.5745,53.4214
59,215760,0,0,192,71.6052,53.4021
59,215760,0,0,193,71.6319,53.3081
59,215760,0,0,194,71.6714,53.2934
59,215760,0,0,195,71.7387,53.2127
59,215760,0,0,196,71.6958,53.1348
59,215760,0,0,197,71.7193,53.0762
59,215760,0,0,198,71.606,53.0422
59,215760,0,0,199,71.6229,53.0307
59,215760,0,0,200,71.6684,52.9463
59,215760,0,0,201,71.7426,52.9787
59,215760,0,0,202,71.7787,52.9826
59,215760,0,0,203,71.7619,52.9413
59,215760,0,0,204,71.7727,52.9145
59,215760,0,0,205,71.7982,52.8963
59,215760,0,0,206,71.8111,52.9015
59,215760,0,0,207,71.9155,52.8542
59,215760,0,0,208,72.1049,52.8651
59,215760,0,0,209,72.2034,52.8921
59,215760,0,0,210,72.2016,53.0129
59,215760,0,0,211,72.4502,52.978
59,215760,0,0,212,72.538,52.984
59,215760,0,0,213,72.6552,53.0132
59,215760,0,0,214,72.7242,53.006
59,215760,0,0,215,72.7649,53.0199
59,215760,0,0,216,72.7841,53.0139
59,215760,0,0,217,72.811,53.0209
59,215760,0,0,218,72.8677,53.0181
59,215760,0,0,219,72.878,53.0107
59,215760,0,0,220,72.8969,52.933
59,215760,0,0,221,72.9313,52.9226
59,215760,0,0,222,72.9111,52.7141
59,215760,0,0,223,73.0646,52.7493
59,215760,0,0,224,73.1181,52.7301
59,215760,0,0,225,73.2076,52.7176
59,215760,0,0,226,73.2468,52.7045
59,215760,0,0,227,73.3216,52.7095
59,215760,0,0,228,73.3916,52.6995
59,215760,0,0,229,73.4301,52.6557
59,215760,0,0,230,73.4914,52.6659
59,215760,0,0,231,73.5294,52.6027
59,215760,0,0,232,73.9208,52.5932
59,215760,0,0,233,73.9205,52.6267
59,215760,0,0,234,73.7456,52.6272
59,215760,0,0,235,73.6666,52.6934
59,215760,0,0,236,73.6894,52.6936
59,215760,0,0,237,73.7109,52.7199
59,215760,0,0,238,73.7178,52.7111
59,215760,0,0,239,73.7344,52.7113
59,215760,0,0,240,73.7388,52.6948
59,215760,0,0,241,73.8032,52.6939
59,215760,0,0,242,73.8121,52.6793
59,215760,0,0,243,73.8535,52.652
59,215760,0,0,244,73.9212,52.6528
59,215760,0,0,245,73.9173,52.7614
59,215760,0,0,246,73.9856,52.7626
59,215760,0,0,247,73.9831,52.8303
59,215760,0,0,248,74.0344,52.8332
59,215760,0,0,249,73.9895,52.9304
59,215760,0,0,250,73.8697,52.8931
59,215760,0,0,251,73.8562,52.901
59,215760,0,0,252,73.7659,52.8088
59,215760,0,0,253,73.7371,52.8218
59,215760,0,0,254,73.6884,52.7982
59,215760,0,0,255,73.6661,52.8118
59,215760,0,0,256,73.6288,52.8142
59,215760,0,0,257,73.6227,52.8641
59,215760,0,0,258,73.5912,52.8818
59,215760,0,0,259,73.622,52.8963
59,215760,0,0,260,73.6678,52.9328
59,215760,0,0,261,73.6118,52.9843
59,215760,0,0,262,73.5358,52.9407
59,215760,0,0,263,73.5046,52.9381
59,215760,0,0,264,73.5135,52.9494
59,215760,0,0,265,73.5091,52.9527
59,215760,0,0,266,73.538,52.9529
59,215760,0,0,267,73.5465,52.9685
59,215760,0,0,268,73.5682,52.9804
59,215760,0,0,269,73.5764,53.0081
59,215760,0,0,270,73.6486,53.0625
59,215760,0,0,271,73.6623,53.0982
59,215760,0,0,272,73.7315,53.126
59,215760,0,0,273,73.7436,53.1458
59,215760,0,0,274,73.7758,53.1657
59,215760,0,0,275,73.7342,53.1991
59,215760,0,0,276,73.6861,53.1901
59,215760,0,0,277,73.6527,53.2079
59,215760,0,0,278,73.5153,53.1374
59,215760,0,0,279,73.4321,53.1249
59,215760,0,0,280,73.43,53.1409
59,215760,0,0,281,73.4169,53.1554
59,215760,0,0,282,73.4238,53.1388
59,215760,0,0,283,73.4162,53.1422
59,215760,0,0,284,73.4054,53.172
59,215760,0,0,285,73.4141,53.246
59,215760,0,0,286,73.4304,53.2925
59,215760,0,0,287,73.5412,53.2611
59,215760,0,0,288,73.5843,53.263
59,215760,0,0,289,73.5874,53.2906
59,215760,0,0,290,73.4387,53.4354
59,215760,0,0,291,73.3627,53.4679
59,215760,0,0,292,73.3864,53.4878
59,215760,0,0,293,73.3972,53.5218
59,215760,0,0,294,73.345,53.5337
59,215760,0,0,295,73.3468,53.543
59,215760,0,0,296,73.2385,53.5673
59,215760,0,0,297,73.2772,53.639
59,215760,0,0,298,73.2552,53.6408
59,215760,0,0,299,73.2528,53.6746
59,215760,0,0,300,73.3224,53.6759
59,215760,0,0,301,73.3556,53.7664
59,215760,0,0,302,73.3434,53.788
59,215760,0,0,303,73.4491,53.8071
59,215760,0,0,304,73.4301,53.8237
59,215760,0,0,305,73.4284,53.8485
59,215760,0,0,306,73.452,53.8763
59,215760,0,0,307,73.691,53.8565
59,215760,0,0,308,73.767,54.0538
59,215760,0,0,309,73.6989,54.0484
59,215760,0,0,310,73.7036,54.066
59,215760,0,0,311,73.6298,54.07
59,215760,0,0,312,73.656,54.0449
59,215760,0,0,313,73.6087,54.0075
59,215760,0,0,314,73.5831,54.0158
59,215760,0,0,315,73.5188,54.0042
59,215760,0,0,316,73.5208,53.966
59,215760,0,0,317,73.5375,53.9521
59,215760,0,0,318,73.5226,53.9411
59,215760,0,0,319,73.5056,53.9384
59,215760,0,0,320,73.4573,53.964
59,215760,0,0,321,73.4021,53.9788
59,215760,0,0,322,73.4035,53.9452
59,215760,0,0,323,73.2761,53.9428
59,215760,0,0,324,73.2782,53.9541
59,215760,0,0,325,73.0668,53.9855
59,215760,0,0,326,73.0718,54.0304
59,215760,0,0,327,73.0576,54.032
59,215760,0,0,328,73.0602,54.0403
59,215760,0,0,329,72.9786,54.0496
59,215760,0,0,330,72.9939,54.0978
59,215760,0,0,331,72.8317,54.0979
59,215760,0,0,332,72.8252,54.1211
59,215760,0,0,333,72.7236,54.1227
59,215760,0,0,334,72.6088,54.1369
59,215760,0,0,335,72.6132,54.1222
59,215760,0,0,336,72.5609,54.1166
59,215760,0,0,337,72.5327,54.0436
59,215760,0,0,338,72.5668,54.0389
59,215760,0,0,339,72.5716,54.052
59,215760,0,0,340,72.6802,54.0448
59,215760,0,0,341,72.7195,53.9996
59,215760,0,0,342,72.7143,53.9509
59,215760,0,0,343,72.5452,53.9793
59,215760,0,0,344,72.4866,53.9008
59,215760,0,0,345,72.4317,53.912
59,215760,0,0,346,72.3696,53.9447
59,215760,0,0,347,72.4179,53.9985
59,215760,0,0,348,72.4353,54.0461
59,215760,0,0,349,72.3971,54.0514
59,215760,0,0,350,72.4073,54.0782
59,215760,0,0,351,72.3694,54.0834
59,215760,0,0,352,72.3781,54.1089
59,215760,0,0,353,72.4335,54.1021
59,215760,0,0,354,72.4403,54.1204
59,215760,0,0,355,72.5129,54.1051
59,215760,0,0,356,72.5068,54.1402
59,215760,0,0,357,72.4175,54.1512
59,215760,0,0,358,72.3444,54.1789
59,215760,0,0,359,72.2991,54.1868
59,215760,0,0,360,72.337,54.2463
59,215760,0,0,361,72.291,54.2497
59,215760,0,0,362,72.3002,54.2937
59,215760,0,0,363,72.2797,54.3163
59,215760,0,0,364,72.1942,54.3577
59,215760,0,0,365,72.034,54.3656
59,215760,0,0,366,72.0525,54.3378
59,215760,0,0,367,72.0425,54.3273
59,215760,0,0,368,72.0765,54.3326
59,215760,0,0,369,72.0892,54.3273
59,215760,0,0,370,72.0953,54.3138
59,215760,0,0,371,72.1356,54.3052
59,215760,0,0,372,72.133,54.2754
59,215760,0,0,373,72.1176,54.2783
59,215760,0,0,374,72.0858,54.2195
59,215760,0,0,375,72.2198,54.1829
59,215760,0,0,376,72.1846,54.1206
59,215760,0,0,377,72.1013,54.1476
59,215760,0,0,378,72.1156,54.1737
59,215760,0,0,379,72.0645,54.1837
59,215760,0,0,380,72.0735,54.1995
59,215760,0,0,381,71.9483,54.2434
59,215760,0,0,382,71.9333,54.2288
59,215760,0,0,383,71.8856,54.2312
59,215760,0,0,384,71.752,54.2538
59,215760,0,0,385,71.7275,54.1875
59,215760,0,0,386,71.7643,54.1471
59,215760,0,0,387,71.7203,54.1057
59,215760,0,0,388,71.6721,54.1105
59,215760,0,0,389,71.6711,54.099
59,215760,0,0,390,71.6164,54.1
59,215760,0,0,391,71.6099,54.1158
59,215760,0,0,392,71.4871,54.1012
59,215760,0,0,393,71.4904,54.1594
59,215760,0,0,394,71.3843,54.1675
59,215760,0,0,395,71.3868,54.1815
59,215760,0,0,396,71.3001,54.1851
59,215760,0,0,397,71.2749,54.1477
59,215760,0,0,398,71.1785,54.0947
59,215760,0,0,399,71.1224,54.1296
59,215760,0,0,400,71.1368,54.1621
59,215760,0,0,401,71.1021,54.1666
59,215760,0,0,402,71.1115,54.1877
59,215760,0,0,403,71.0561,54.1913
59,215760,0,0,404,71.0609,54.2057
59,215760,0,0,405,71.0711,54.2058
59,215760,0,0,406,71.0732,54.2742
59,215760,0,0,407,70.9961,54.2752
59,215760,0,0,408,70.998,54.336
59,215760,0,0,409,71.1129,54.3352
59,215760,0,0,410,71.1093,54.3217
59,215760,0,0,411,71.1984,54.3116
59,215760,0,0,412,71.2043,54.3319
59,215760,0,0,413,71.1978,54.3329
59,215760,0,0,414,71.1987,54.3545
59,215760,0,0,415,71.2297,54.3544
59,215760,0,0,416,71.2313,54.407
59,215760,0,0,417,71.2,54.4076
59,215760,0,0,418,71.2022,54.4612
59,215760,0,0,419,71.1713,54.4612
59,215760,0,0,420,71.1731,54.5487
59,215760,0,0,421,71.1675,54.5605
59,215760,0,0,422,71.1935,54.6003
59,215760,0,0,423,71.2142,54.6099
59,215760,0,0,424,71.291,54.6064
59,215760,0,0,425,71.293,54.6678
59,215760,0,0,426,71.239,54.6683
59,215760,0,0,427,71.2396,54.6863
59,215760,0,0,428,71.2101,54.6866
59,215760,0,0,429,71.2108,54.7004
59,215760,0,0,430,71.0967,54.6998
59,215760,0,0,431,71.0967,54.7117
59,215760,0,0,432,71.0724,54.7329
59,215760,0,0,433,71.0667,54.7479
59,215760,0,0,434,71.0299,54.7788
59,215760,0,0,435,71.0256,54.7996
59,215760,0,0,436,71.0111,54.8136
59,215760,0,0,437,71.0262,54.828
59,215760,0,0,438,71.0193,54.852
59,215760,0,0,439,70.9743,54.8681
59,215760,0,0,440,70.9803,54.8758
59,215760,0,0,441,70.9554,54.8883
59,215760,0,0,442,70.9931,54.927
59,215760,0,0,443,71.0082,54.9704
59,215760,0,0,444,70.9765,54.983
59,215760,0,0,445,71.0,54.9897
59,215760,0,0,446,70.9877,55.0006
59,215760,0,0,447,71.0043,55.0122
59,215760,0,0,448,71.0033,55.0526
59,215760,0,0,449,70.9868,55.0519
59,215760,0,0,450,70.9931,55.0736
59,215760,0,0,451,71.0201,55.0856
59,215760,0,0,452,70.9225,55.1296
59,215760,0,0,453,70.9252,55.1671
59,215760,0,0,454,70.8804,55.1805
59,215760,0,0,455,70.7992,55.2714
59,215760,0,0,456,70.8222,55.2792
59,215760,0,0,457,70.8077,55.2925
59,215760,0,0,458,70.6954,55.2894
59,215760,0,0,459,70.6205,55.2533
59,215760,0,0,460,70.4773,55.273
59,215760,0,0,461,70.4607,55.2855
59,215760,0,0,462,70.4093,55.2534
59,215760,0,0,463,70.402,55.2156
59,215760,0,0,464,70.2919,55.1922
59,215760,0,0,465,70.2276,55.1472
59,215760,0,0,466,70.2061,55.1455
59,215760,0,0,467,70.1798,55.1593
59,215760,0,0,468,70.1138,55.1722
59,215760,0,0,469,70.0862,55.184
59,215760,0,0,470,70.0579,55.2091
59,215760,0,0,471,69.9503,55.2099
59,215760,0,0,472,69.8629,55.3
59,215760,0,0,473,69.7909,55.3247
59,215760,0,0,474,69.7759,55.3367
59,215760,0,0,475,69.7387,55.3381
59,215760,0,0,476,69.7479,55.3445
59,215760,0,0,477,69.7095,55.3514
59,215760,0,0,478,69.5502,55.3507
59,215760,0,0,479,69.538,55.3367
59,215760,0,0,480,69.4442,55.3418
59,215760,0,0,481,69.4484,55.3518
59,215760,0,0,482,69.4049,55.3521
59,215760,0,0,483,69.4188,55.3707
59,215760,0,0,484,69.4121,55.3844
59,215760,0,0,485,69.363,55.3869
59,215760,0,0,486,69.3489,55.3803
59,215760,0,0,487,69.3427,55.3643
59,215760,0,0,488,69.3181,55.3514
59,215760,0,0,489,69.1997,55.3304
59,215760,0,0,490,69.1554,55.3918
59,215760,0,0,491,69.0473,55.4269
59,215760,0,0,492,68.98,55.4247
59,215760,0,0,493,68.9809,55.4431
59,215760,0,0,494,68.9324,55.4418
59,215760,0,0,495,68.9151,55.3643
59,215760,0,0,496,68.9844,55.364
59,215760,0,0,497,68.9862,55.3344
59,215760,0,0,498,69.0011,55.3288
59,215760,0,0,499,69.0012,55.2884
59,215760,0,0,500,68.9806,55.2853
59,215760,0,0,501,68.9571,55.3266
59,215760,0,0,502,68.9283,55.3188
59,215760,0,0,503,68.7472,55.3784
59,215760,0,0,504,68.7107,55.3496
59,215760,0,0,505,68.7215,55.3253
59,215760,0,0,506,68.7006,55.3251
59,215760,0,0,507,68.7087,55.3074
59,215760,0,0,508,68.7029,55.2978
59,215760,0,0,509,68.6736,55.2773
59,215760,0,0,510,68.635,55.2653
59,215760,0,0,511,68.6364,55.2421
59,215760,0,0,512,68.6589,55.2357
59,215760,0,0,513,68.6433,55.2167
59,215760,0,0,514,68.6488,55.2082
59,215760,0,0,515,68.6201,55.1983
59,215760,0,0,516,68.5998,55.2006
59,215760,0,0,517,68.5949,55.2193
59,215760,0,0,518,68.4453,55.1967
59,215760,0,0,519,68.3584,55.2063
59,215760,0,0,520,68.3533,55.1811
59,215760,0,0,521,68.3179,55.1864
59,215760,0,0,522,68.3042,55.2035
59,215760,0,0,523,68.2823,55.2051
59,215760,0,0,524,68.2396,55.1871
59,215760,0,0,525,68.177,55.1987
59,215760,0,0,526,68.177,55.1776
59,215760,0,0,527,68.2098,55.1776
59,215760,0,0,528,68.2196,55.1549
59,215760,0,0,529,68.1893,55.1514
59,215760,0,0,530,68.2402,55.1125
59,215760,0,0,531,68.2575,55.1131
59,215760,0,0,532,68.2558,55.1009
59,215760,0,0,533,68.2708,55.0851
59,215760,0,0,534,68.3153,55.0763
59,215760,0,0,535,68.3123,55.0672
59,215760,0,0,536,68.2366,55.0549
59,215760,0,0,537,68.2379,55.0156
59,215760,0,0,538,68.1964,54.99
59,215760,0,0,539,68.2337,54.9772
59,215760,0,0,540,68.2341,54.9695
59,215760,0,0,541,68.0324,54.9504
59,215760,0,0,542,67.9104,54.9837
59,215760,0,0,543,67.8197,54.9713
59,215760,0,0,544,67.7731,54.8859
59,215760,0,0,545,67.6981,54.8702
59,215760,0,0,546,67.6938,54.8629
59,215760,0,0,547,67.6407,54.8648
59,215760,0,0,548,67.5629,54.8443
59,215760,0,0,549,67.5168,54.8618
59,215760,0,0,550,67.397,54.8552
59,215760,0,0,551,67.3334,54.8735
59,215760,0,0,552,67.2897,54.8624
59,215760,0,0,553,67.2817,54.8258
59,215760,0,0,554,67.1303,54.8079
59,215760,0,0,555,67.1013,54.8135
59,215760,0,0,556,67.0434,54.778
59,215760,0,0,557,66.999,54.7894
59,215760,0,0,558,66.7821,54.7687
59,215760,0,0,559,66.7367,54.7435
59,215760,0,0,560,66.7021,54.7369
59,215760,0,0,561,66.652,54.7437
59,215760,0,0,562,66.4059,54.7076
59,215760,0,0,563,66.074,54.6409
59,215760,0,0,564,66.0779,54.5691
59,215760,0,0,565,66.1095,54.4901
59,215760,0,0,566,66.0744,54.4698
59,215760,0,0,567,66.1077,54.4433
59,215760,0,0,568,66.0878,54.4164
59,215760,0,0,569,66.1757,54.2937
59,215760,0,0,570,66.0799,54.258
59,215760,0,0,571,66.0314,54.2515
59,215760,0,0,572,66.1921,54.183
59,215760,0,0,573,66.2669,54.1835
59,215760,0,0,574,66.3166,54.1019
59,215760,0,0,575,66.1518,54.0762
59,215760,0,0,576,66.0756,54.05
59,215760,0,0,577,65.9636,53.9969
59,215760,1,0,0,73.7717,53.0398
59,215760,1,0,1,73.786,52.9906
59,215760,1,0,2,73.8403,53.0109
59,215760,1,0,3,73.8874,52.9994
59,215760,1,0,4,73.8859,53.0536
59,215760,1,0,5,73.7952,53.0756
59,215760,1,0,6,73.7717,53.0398
61,215739,0,0,0,65.9987,41.9372
61,215739,0,0,1,66.5331,41.8769
61,215739,0,0,2,66.6067,41.4938
61,215739,0,0,3,66.7092,41.1425
61,215739,0,0,4,67.3129,41.1348
61,215739,0,0,5,67.3651,41.127
61,215739,0,0,6,67.5696,41.1674
61,215739,0,0,7,67.6852,41.1709
61,215739,0,0,8,67.7351,41.182
61,215739,0,0,9,67.8667,41.1355
61,215739,0,0,10,67.8918,41.1522
61,215739,0,0,11,67.9655,41.149
61,215739,0,0,12,67.987,41.0925
61,215739,0,0,13,67.9833,41.0249
61,215739,0,0,14,68.0241,41.0182
61,215739,0,0,15,68.0245,41.0381
61,215739,0,0,16,68.0515,41.0417
61,215739,0,0,17,68.0639,41.0719
61,215739,0,0,18,68.0801,41.0816
61,215739,0,0,19,68.1122,41.0669
61,215739,0,0,20,68.1275,41.0384
61,215739,0,0,21,68.127,41.0323
61,215739,0,0,22,68.0884,41.0307
61,215739,0,0,23,68.0555,41.0092
61,215739,0,0,24,68.0823,41.0013
61,215739,0,0,25,68.074,40.9861
61,215739,0,0,26,68.0879,40.9701
61,215739,0,0,27,68.0757,40.9606
61,215739,0,0,28,68.0821,40.9529
61,215739,0,0,29,68.0631,40.9456
61,215739,0,0,30,68.0964,40.9363
61,215739,0,0,31,68.0887,40.9256
61,215739,0,0,32,68.0731,40.9247
61,215739,0,0,33,68.0725,40.9168
61,215739,0,0,34,68.0126,40.8906
61,215739,0,0,35,68.0061,40.8607
61,215739,0,0,36,67.9728,40.8619
61,215739,0,0,37,67.9715,40.8513
61,215739,0,0,38,67.9816,40.8405
61,215739,0,0,39,67.9769,40.8318
61,215739,0,0,40,68.0234,40.8008
61,215739,0,0,41,68.076,40.7897
61,215739,0,0,42,68.2174,40.6877
61,215739,0,0,43,68.2978,40.6565
61,215739,0,0,44,68.3711,40.6174
61,215739,0,0,45,68.4106,40.615
61,215739,0,0,46,68.435,40.597
61,215739,0,0,47,68.4687,40.5886
61,215739,0,0,48,68.4815,40.571
61,215739,0,0,49,68.5314,40.5834
61,215739,0,0,50,68.5817,40.5687
61,215739,0,0,51,68.6105,40.5771
61,215739,0,0,52,68.6412,40.5995
61,215739,0,0,53,68.6632,40.5994
61,215739,0,0,54,68.6547,40.6122
61,215739,0,0,55,68.6222,40.6303
61,215739,0,0,56,68.6424,40.6381
61,215739,0,0,57,68.6536,40.6801
61,215739,0,0,58,68.6363,40.6863
61,215739,0,0,59,68.6439,40.6937
61,215739,0,0,60,68.6351,40.701
61,215739,0,0,61,68.6189,40.6979
61,215739,0,0,62,68.6091,40.7078
61,215739,0,0,63,68.584,40.7088
61,215739,0,0,64,68.5859,40.7803
61,215739,0,0,65,68.5623,40.8067
61,215739,0,0,66,68.5641,40.8485
61,215739,0,0,67,68.5905,40.8653
61,215739,0,0,68,68.5767,40.8972
61,215739,0,0,69,68.5828,40.9245
61,215739,0,0,70,68.5487,40.9469
61,215739,0,0,71,68.5176,40.9425
61,215739,0,0,72,68.5096,40.9729
61,215739,0,0,73,68.4973,40.9791
61,215739,0,0,74,68.5044,40.9999
61,215739,0,0,75,68.5221,41.0173
61,215739,0,0,76,68.5598,41.0072
61,215739,0,0,77,68.5895,41.0288
61,215739,0,0,78,68.6074,41.0305
61,215739,0,0,79,68.6094,41.0119
61,215739,0,0,80,68.6194,41.0018
61,215739,0,0,81,68.6739,40.9874
61,215739,0,0,82,68.6278,40.9685
61,215739,0,0,83,68.6441,40.9427
61,215739,0,0,84,68.6774,40.9626
61,215739,0,0,85,68.7286,40.9697
61,215739,0,0,86,68.7496,40.9817
61,215739,0,0,87,68.7476,40.9902
61,215739,0,0,88,68.7582,40.9973
61,215739,0,0,89,68.7525,41.0031
61,215739,0,0,90,68.7611,41.0064
61,215739,0,0,91,68.7549,41.012
61,215739,0,0,92,68.7423,41.0058
61,215739,0,0,93,68.7139,41.031
61,215739,0,0,94,68.722,41.0503
61,215739,0,0,95,68.8033,41.1154
61,215739,0,0,96,68.9117,41.1721
61,215739,0,0,97,68.9155,41.1823
61,215739,0,0,98,68.9319,41.1828
61,215739,0,0,99,68.9916,41.2141
61,215739,0,0,100,69.0004,41.2385
61,215739,0,0,101,69.0114,41.2276
61,215739,0,0,102,69.0301,41.2251
61,215739,0,0,103,69.021,41.2459
61,215739,0,0,104,69.0392,41.2545
61,215739,0,0,105,69.0405,41.2641
61,215739,0,0,106,69.0171,41.2734
61,215739,0,0,107,69.0139,41.2895
61,215739,0,0,108,69.0187,41.2986
61,215739,0,0,109,69.0455,41.3101
61,215739,0,0,110,69.0396,41.3274
61,215739,0,0,111,69.0469,41.3481
61,215739,0,0,112,69.0214,41.3555
61,215739,0,0,113,69.079,41.3771
61,215739,0,0,114,69.0887,41.3686
61,215739,0,0,115,69.0786,41.3579
61,215739,0,0,116,69.0923,41.3569
61,215739,0,0,117,69.1138,41.3915
61,215739,0,0,118,69.1491,41.3935
61,215739,0,0,119,69.1551,41.3866
61,215739,0,0,120,69.1754,41.4029
61,215739,0,0,121,69.1684,41.4047
61,215739,0,0,122,69.1494,41.4317
61,215739,0,0,123,69.1786,41.4372
61,215739,0,0,124,69.1861,41.4527
61,215739,0,0,125,69.2501,41.4663
61,215739,0,0,126,69.2965,41.4356
61,215739,0,0,127,69.3452,41.459
61,215739,0,0,128,69.3546,41.4726
61,215739,0,0,129,69.3797,41.4653
61,215739,0,0,130,69.4118,41.4705
61,215739,0,0,131,69.4341,41.461
61,215739,0,0,132,69.4568,41.4646
61,215739,0,0,133,69.4543,41.4881
61,215739,0,0,134,69.4385,41.4879
61,215739,0,0,135,69.3977,41.507
61,215739,0,0,136,69.4451,41.5632
61,215739,0,0,137,69.4606,41.5689
61,215739,0,0,138,69.4812,41.551
61,215739,0,0,139,69.5003,41.5476
61,215739,0,0,140,69.5493,41.5697
61,215739,0,0,141,69.5377,41.5783
61,215739,0,0,142,69.5389,41.5887
61,215739,0,0,143,69.5571,41.597
61,215739,0,0,144,69.5765,41.6295
61,215739,0,0,145,69.6075,41.6484
61,215739,0,0,146,69.6179,41.6633
61,215739,0,0,147,69.6685,41.6687
61,215739,0,0,148,69.6812,41.6775
61,215739,0,0,149,69.7129,41.6769
61,215739,0,0,150,69.7373,41.6986
61,215739,0,0,151,69.7739,41.6965
61,215739,0,0,152,69.8391,41.7205
61,215739,0,0,153,69.8811,41.7067
61,215739,0,0,154,69.9175,41.7137
61,215739,0,0,155,69.9247,41.7265
61,215739,0,0,156,69.9577,41.7338
61,215739,0,0,157,69.9581,41.7517
61,215739,0,0,158,69.9753,41.7584
61,215739,0,0,159,69.9724,41.7696
61,215739,0,0,160,69.9808,41.7808
61,215739,0,0,161,69.9999,41.7887
61,215739,0,0,162,69.9925,41.8003
61,215739,0,0,163,69.9992,41.8064
61,215739,0,0,164,70.0214,41.7959
61,215739,0,0,165,70.0213,41.7851
61,215739,0,0,166,70.0348,41.7765
61,215739,0,0,167,70.0514,41.7797
61,215739,0,0,168,70.051,41.7994
61,215739,0,0,169,70.0769,41.8087
61,215739,0,0,170,70.1027,41.8373
61,215739,0,0,171,70.1355,41.8443
61,215739,0,0,172,70.1468,41.8366
61,215739,0,0,173,70.1759,41.8553
61,215739,0,0,174,70.1845,41.8644
61,215739,0,0,175,70.1811,41.8831
61,215739,0,0,176,70.1971,41.8873
61,215739,0,0,177,70.1965,41.9045
61,215739,0,0,178,70.2093,41.9037
61,215739,0,0,179,70.2274,41.9172
61,215739,0,0,180,70.228,41.9346
61,215739,0,0,181,70.2614,41.9543
61,215739,0,0,182,70.3353,41.9747
61,215739,0,0,183,70.3328,42.0182
61,215739,0,0,184,70.3196,42.0368
61,215739,0,0,185,70.3735,42.0693
61,215739,0,0,186,70.4009,42.0694
61,215739,0,0,187,70.4421,42.0918
61,215739,0,0,188,70.459,42.085
61,215739,0,0,189,70.4781,42.1092
61,215739,0,0,190,70.5014,42.0991
61,215739,0,0,191,70.5147,42.0832
61,215739,0,0,192,70.5298,42.0849
61,215739,0,0,193,70.5455,42.074
61,215739,0,0,194,70.5585,42.043
61,215739,0,0,195,70.5487,42.035
61,215739,0,0,196,70.5594,42.0235
61,215739,0,0,197,70.6066,42.0069
61,215739,0,0,198,70.6392,42.0149
61,215739,0,0,199,70.6364,42.0269
61,215739,0,0,200,70.6788,42.0884
61,215739,0,0,201,70.6872,42.1211
61,215739,0,0,202,70.7072,42.1303
61,215739,0,0,203,70.7376,42.1658
61,215739,0,0,204,70.7556,42.1709
61,215739,0,0,205,70.7391,42.1819
61,215739,0,0,206,70.7509,42.1933
61,215739,0,0,207,70.768,42.1936
61,215739,0,0,208,70.7938,42.2095
61,215739,0,0,209,70.8316,42.1952
61,215739,0,0,210,70.8496,42.1976
61,215739,0,0,211,70.8546,42.2079
61,215739,0,0,212,70.8859,42.2116
61,215739,0,0,213,70.8879,42.22
61,215739,0,0,214,70.9265,42.2375
61,215739,0,0,215,70.9433,42.2635
61,215739,0,0,216,70.9336,42.2697
61,215739,0,0,217,70.9123,42.2612
61,215739,0,0,218,70.8909,42.2632
61,215739,0,0,219,70.8917,42.2815
61,215739,0,0,220,70.8652,42.2998
61,215739,0,0,221,70.8689,42.3185
61,215739,0,0,222,70.8431,42.3263
61,215739,0,0,223,70.7789,42.3926
61,215739,0,0,224,70.7934,42.4142
61,215739,0,0,225,70.7871,42.4387
61,215739,0,0,226,70.7714,42.4503
61,215739,0,0,227,70.7219,42.4588
61,215739,0,0,228,70.6669,42.4522
61,215739,0,0,229,70.6439,42.5014
61,215739,0,0,230,70.6199,42.5316
61,215739,0,0,231,70.5568,42.5559
61,215739,0,0,232,70.5413,42.5866
61,215739,0,0,233,70.5247,42.5845
61,215739,0,0,234,70.5026,42.5974
61,215739,0,0,235,70.5165,42.6037
61,215739,0,0,236,70.446,42.648
61,215739,0,0,237,70.4097,42.6548
61,215739,0,0,238,70.3798,42.6852
61,215739,0,0,239,70.346,42.6962
61,215739,0,0,240,70.3232,42.6931
61,215739,0,0,241,70.2945,42.7191
61,215739,0,0,242,70.238,42.7206
61,215739,0,0,243,70.2365,42.7302
61,215739,0,0,244,70.2066,42.747
61,215739,0,0,245,70.2344,42.7937
61,215739,0,0,246,70.1939,42.8112
61,215739,0,0,247,70.2159,42.8277
61,215739,0,0,248,70.2019,42.8564
61,215739,0,0,249,70.2209,42.872
61,215739,0,0,250,70.2513,42.878
61,215739,0,0,251,70.236,42.8843
61,215739,0,0,252,70.2213,42.904
61,215739,0,0,253,70.2288,42.9236
61,215739,0,0,254,70.2246,42.9429
61,215739,0,0,255,70.1988,42.9536
61,215739,0,0,256,70.2072,42.9666
61,215739,0,0,257,70.1906,42.9844
61,215739,0,0,258,70.2038,42.9912
61,215739,0,0,259,70.1954,42.9979
61,215739,0,0,260,70.1982,43.0065
61,215739,0,0,261,70.1859,42.9982
61,215739,0,0,262,70.1742,43.0191
61,215739,0,0,263,70.1446,43.0282
61,215739,0,0,264,70.1773,43.0541
61,215739,0,0,265,70.15,43.0926
61,215739,0,0,266,70.1245,43.0738
61,215739,0,0,267,70.0639,43.1169
61,215739,0,0,268,70.0733,43.1496
61,215739,0,0,269,70.0478,43.1489
61,215739,0,0,270,70.0044,43.1705
61,215739,0,0,271,70.009,43.182
61,215739,0,0,272,69.9896,43.2126
61,215739,0,0,273,69.9169,43.2113
61,215739,0,0,274,69.9091,43.2232
61,215739,0,0,275,69.9134,43.233
61,215739,0,0,276,69.9047,43.2295
61,215739,0,0,277,69.8859,43.2584
61,215739,0,0,278,69.8484,43.2679
61,215739,0,0,279,69.8212,43.2267
61,215739,0,0,280,69.7893,43.2427
61,215739,0,0,281,69.7591,43.2431
61,215739,0,0,282,69.7311,43.2594
61,215739,0,0,283,69.6729,43.2608
61,215739,0,0,284,69.6345,43.2503
61,215739,0,0,285,69.6374,43.2838
61,215739,0,0,286,69.6267,43.3033
61,215739,0,0,287,69.5613,43.2922
61,215739,0,0,288,69.5294,43.3094
61,215739,0,0,289,69.5354,43.3306
61,215739,0,0,290,69.5269,43.3696
61,215739,0,0,291,69.5424,43.412
61,215739,0,0,292,69.4339,43.4313
61,215739,0,0,293,69.4505,43.4638
61,215739,0,0,294,69.5158,43.509
61,215739,0,0,295,69.5573,43.5559
61,215739,0,0,296,69.6159,43.6765
61,215739,0,0,297,69.6446,43.7249
61,215739,0,0,298,69.6804,43.7635
61,215739,0,0,299,69.6798,43.8201
61,215739,0,0,300,69.7017,43.9261
61,215739,0,0,301,69.7337,43.9875
61,215739,0,0,302,69.7068,44.0273
61,215739,0,0,303,69.7642,44.0988
61,215739,0,0,304,69.7682,44.1248
61,215739,0,0,305,69.8248,44.1606
61,215739,0,0,306,69.717,44.6539
61,215739,0,0,307,69.6527,44.888
61,215739,0,0,308,69.5925,44.9559
61,215739,0,0,309,69.5388,45.1549
61,215739,0,0,310,69.4644,45.3384
61,215739,0,0,311,69.3586,45.4974
61,215739,0,0,312,69.2666,45.7694
61,215739,0,0,313,69.25,45.7692
61,215739,0,0,314,69.0671,45.9999
61,215739,0,0,315,67.175,46.0005
61,215739,0,0,316,67.1673,45.9944
61,215739,0,0,317,67.1794,45.9746
61,215739,0,0,318,67.1631,45.9557
61,215739,0,0,319,67.1753,45.9342
61,215739,0,0,320,67.2414,45.8993
61,215739,0,0,321,67.2374,45.8861
61,215739,0,0,322,67.2671,45.8664
61,215739,0,0,323,67.2783,45.8472
61,215739,0,0,324,67.3041,45.8488
61,215739,0,0,325,67.317,45.8158
61,215739,0,0,326,67.3261,45.8029
61,215739,0,0,327,67.3481,45.7937
61,215739,0,0,328,67.3654,45.7575
61,215739,0,0,329,67.3421,45.7423
61,215739,0,0,330,67.3359,45.717
61,215739,0,0,331,67.3189,45.6976
61,215739,0,0,332,67.2935,45.6874
61,215739,0,0,333,67.2856,45.666
61,215739,0,0,334,67.3007,45.6605
61,215739,0,0,335,67.3014,45.6452
61,215739,0,0,336,67.2872,45.6376
61,215739,0,0,337,67.2908,45.614
61,215739,0,0,338,67.2623,45.5964
61,215739,0,0,339,67.2535,45.5841
61,215739,0,0,340,67.2567,45.5717
61,215739,0,0,341,67.2448,45.5644
61,215739,0,0,342,67.2577,45.5511
61,215739,0,0,343,67.2647,45.5031
61,215739,0,0,344,67.2582,45.4886
61,215739,0,0,345,67.2638,45.4696
61,215739,0,0,346,67.2335,45.431
61,215739,0,0,347,67.2471,45.4182
61,215739,0,0,348,67.2459,45.4062
61,215739,0,0,349,67.2403,45.3956
61,215739,0,0,350,67.2031,45.3828
61,215739,0,0,351,67.1682,45.3512
61,215739,0,0,352,67.167,45.3349
61,215739,0,0,353,67.1786,45.3212
61,215739,0,0,354,67.1782,45.3144
61,215739,0,0,355,67.1679,45.3132
61,215739,0,0,356,67.1679,45.3022
61,215739,0,0,357,67.3909,45.1818
61,215739,0,0,358,67.5162,45.1478
61,215739,0,0,359,67.5063,45.0484
61,215739,0,0,360,67.5223,44.8366
61,215739,0,0,361,67.5106,44.8134
61,215739,0,0,362,67.5259,44.6491
61,215739,0,0,363,67.509,44.4334
61,215739,0,0,364,67.4874,44.4219
61,215739,0,0,365,67.462,44.3678
61,215739,0,0,366,67.583,44.2951
61,215739,0,0,367,67.6307,44.3112
61,215739,0,0,368,67.7334,44.272
61,215739,0,0,369,67.7564,44.2221
61,215739,0,0,370,67.7866,44.2033
61,215739,0,0,371,67.8069,44.1662
61,215739,0,0,372,67.887,44.1323
61,215739,0,0,373,67.9162,44.0986
61,215739,0,0,374,68.0042,44.063
61,215739,0,0,375,68.0398,44.0328
61,215739,0,0,376,68.0603,44.0265
61,215739,0,0,377,68.0263,43.9625
61,215739,0,0,378,67.9656,43.935
61,215739,0,0,379,67.9216,43.8865
61,215739,0,0,380,67.9211,43.8755
61,215739,0,0,381,67.955,43.87
61,215739,0,0,382,67.9793,43.8025
61,215739,0,0,383,67.9715,43.737
61,215739,0,0,384,67.9354,43.7061
61,215739,0,0,385,67.919,43.7019
61,215739,0,0,386,67.8988,43.705
61,215739,0,0,387,67.8838,43.7289
61,215739,0,0,388,67.8239,43.7437
61,215739,0,0,389,67.8382,43.6392
61,215739,0,0,390,67.8138,43.563
61,215739,0,0,391,67.7935,43.5638
61,215739,0,0,392,67.7341,43.4802
61,215739,0,0,393,67.7507,43.4718
61,215739,0,0,394,67.725,43.4073
61,215739,0,0,395,67.6495,43.3759
61,215739,0,0,396,67.6672,43.3671
61,215739,0,0,397,67.6587,43.3311
61,215739,0,0,398,67.6778,43.3101
61,215739,0,0,399,67.6875,43.3134
61,215739,0,0,400,67.6795,43.3275
61,215739,0,0,401,67.6842,43.3535
61,215739,0,0,402,67.7082,43.3675
61,215739,0,0,403,67.7471,43.3591
61,215739,0,0,404,67.7466,43.3514
61,215739,0,0,405,67.7296,43.3588
61,215739,0,0,406,67.7155,43.3539
61,215739,0,0,407,67.7151,43.3466
61,215739,0,0,408,67.7292,43.3385
61,215739,0,0,409,67.7936,43.3293
61,215739,0,0,410,67.7985,43.3244
61,215739,0,0,411,67.791,43.3212
61,215739,0,0,412,67.7925,43.3109
61,215739,0,0,413,67.8167,43.2923
61,215739,0,0,414,67.7664,43.275
61,215739,0,0,415,67.7839,43.272
61,215739,0,0,416,67.7836,43.2564
61,215739,0,0,417,67.8313,43.2528
61,215739,0,0,418,67.7897,43.2337
61,215739,0,0,419,67.7865,43.225
61,215739,0,0,420,67.8215,43.228
61,215739,0,0,421,67.8364,43.2173
61,215739,0,0,422,67.8709,43.2203
61,215739,0,0,423,67.875,43.2133
61,215739,0,0,424,67.8249,43.178
61,215739,0,0,425,67.2243,42.9512
61,215739,0,0,426,66.1485,42.3227
61,215739,0,0,427,66.0019,42.3607
61,215739,0,0,428,65.9987,41.9372
61,215739,0,1,0,69.3019,42.3568
61,215739,0,1,1,69.3257,42.3757
61,215739,0,1,2,69.3805,42.3831
61,215739,0,1,3,69.3906,42.3982
61,215739,0,1,4,69.3868,42.4112
61,215739,0,1,5,69.4031,42.4206
61,215739,0,1,6,69.4311,42.415
61,215739,0,1,7,69.4399,42.4206
61,215739,0,1,8,69.4306,42.4325
61,215739,0,1,9,69.4643,42.4445
61,215739,0,1,10,69.4502,42.4662
61,215739,0,1,11,69.4623,42.4785
61,215739,0,1,12,69.5311,42.4785
61,215739,0,1,13,69.5923,42.4583
61,215739,0,1,14,69.7168,42.4384
61,215739,0,1,15,69.7307,42.4264
61,215739,0,1,16,69.7242,42.4165
61,215739,0,1,17,69.7779,42.3902
61,215739,0,1,18,69.7783,42.3764
61,215739,0,1,19,69.818,42.3556
61,215739,0,1,20,69.8138,42.3474
61,215739,0,1,21,69.824,42.3402
61,215739,0,1,22,69.8713,42.3323
61,215739,0,1,23,69.8903,42.3205
61,215739,0,1,24,69.8815,42.3194
61,215739,0,1,25,69.8857,42.3113
61,215739,0,1,26,69.9357,42.2852
61,215739,0,1,27,69.9197,42.2768
61,215739,0,1,28,69.8832,42.2865
61,215739,0,1,29,69.8655,42.2681
61,215739,0,1,30,69.833,42.2602
61,215739,0,1,31,69.826,42.2669
61,215739,0,1,32,69.8027,42.2491
61,215739,0,1,33,69.8375,42.2139
61,215739,0,1,34,69.813,42.2125
61,215739,0,1,35,69.8135,42.1996
61,215739,0,1,36,69.8249,42.1996
61,215739,0,1,37,69.8223,42.1926
61,215739,0,1,38,69.8026,42.193
61,215739,0,1,39,69.7947,42.2027
61,215739,0,1,40,69.7821,42.1976
61,215739,0,1,41,69.7849,42.2145
61,215739,0,1,42,69.7571,42.1912
61,215739,0,1,43,69.7523,42.2024
61,215739,0,1,44,69.7594,42.2324
61,215739,0,1,45,69.7109,42.2286
61,215739,0,1,46,69.6916,42.1923
61,215739,0,1,47,69.6584,42.1988
61,215739,0,1,48,69.6457,42.172
61,215739,0,1,49,69.6537,42.1745
61,215739,0,1,50,69.6506,42.1532
61,215739,0,1,51,69.641,42.1613
61,215739,0,1,52,69.6162,42.1602
61,215739,0,1,53,69.6088,42.1458
61,215739,0,1,54,69.6201,42.137
61,215739,0,1,55,69.6119,42.1279
61,215739,0,1,56,69.5709,42.1389
61,215739,0,1,57,69.5682,42.1324
61,215739,0,1,58,69.5483,42.1327
61,215739,0,1,59,69.5376,42.109
61,215739,0,1,60,69.54,42.1278
61,215739,0,1,61,69.5337,42.1369
61,215739,0,1,62,69.5179,42.1364
61,215739,0,1,63,69.5133,42.1241
61,215739,0,1,64,69.4855,42.1219
61,215739,0,1,65,69.4755,42.1463
61,215739,0,1,66,69.4411,42.1545
61,215739,0,1,67,69.4256,42.1668
61,215739,0,1,68,69.3955,42.2202
61,215739,0,1,69,69.3367,42.2292
61,215739,0,1,70,69.3702,42.2494
61,215739,0,1,71,69.3532,42.279
61,215739,0,1,72,69.3522,42.3051
61,215739,0,1,73,69.3425,42.3234
61,215739,0,1,74,69.3218,42.3098
61,215739,0,1,75,69.3101,42.3131
61,215739,0,1,76,69.3113,42.3232
61,215739,0,1,77,69.3033,42.3223
61,215739,0,1,78,69.3231,42.3517
61,215739,0,1,79,69.3019,42.3568
62,14312737,0,0,0,62.9501,47.1908
62,14312737,0,0,1,63.0183,47.1992
62,14312737,0,0,2,63.4071,47.1135
62,14312737,0,0,3,63.3706,47.0642
62,14312737,0,0,4,63.2078,47.0313
62,14312737,0,0,5,63.3031,46.9715
62,14312737,0,0,6,63.4473,46.9365
62,14312737,0,0,7,63.5089,46.9289
62,14312737,0,0,8,63.7395,46.8301
62,14312737,0,0,9,63.7608,46.8401
62,14312737,0,0,10,63.8039,46.8308
62,14312737,0,0,11,63.8486,46.8356
62,14312737,0,0,12,64.03,46.7952
62,14312737,0,0,13,64.1789,46.742
62,14312737,0,0,14,64.4473,46.6889
62,14312737,0,0,15,64.9418,46.5014
62,14312737,0,0,16,65.1408,46.4765
62,14312737,0,0,17,65.3726,46.3117
62,14312737,0,0,18,65.5506,46.2361
62,14312737,0,0,19,65.586,46.2127
62,14312737,0,0,20,65.6982,46.2099
62,14312737,0,0,21,65.8926,46.178
62,14312737,0,0,22,66.0412,46.1802
62,14312737,0,0,23,66.39,46.1625
62,14312737,0,0,24,66.6769,46.1586
62,14312737,0,0,25,66.9017,46.1725
62,14312737,0,0,26,67.1368,46.1433
62,14312737,0,0,27,67.1412,46.1363
62,14312737,0,0,28,67.1582,46.1361
62,14312737,0,0,29,67.1438,46.1076
62,14312737,0,0,30,67.1572,46.0889
62,14312737,0,0,31,67.156,46.0667
62,14312737,0,0,32,67.1817,46.0499
62,14312737,0,0,33,67.1609,46.0307
62,14312737,0,0,34,67.175,46.0005
62,14312737,0,0,35,71.326,46.0073
62,14312737,0,0,36,71.3119,46.222
62,14312737,0,0,37,71.3297,46.3266
62,14312737,0,0,38,71.285,46.504
62,14312737,0,0,39,71.3468,46.7196
62,14312737,0,0,40,71.3241,46.8873
62,14312737,0,0,41,71.3092,47.1418
62,14312737,0,0,42,71.3067,47.3952
62,14312737,0,0,43,71.3617,47.5353
62,14312737,0,0,44,71.3813,47.6562
62,14312737,0,0,45,71.5767,47.5434
62,14312737,0,0,46,71.7166,47.5191
62,14312737,0,0,47,71.7871,47.7025
62,14312737,0,0,48,71.8186,47.6988
62,14312737,0,0,49,71.8574,47.7056
62,14312737,0,0,50,71.8833,47.7201
62,14312737,0,0,51,71.8961,47.743
62,14312737,0,0,52,71.9664,47.7782
62,14312737,0,0,53,71.9997,47.7763
62,14312737,0,0,54,72.0586,47.7955
62,14312737,0,0,55,72.1226,47.7994
62,14312737,0,0,56,72.0942,47.839
62,14312737,0,0,57,72.0724,47.849
62,14312737,0,0,58,72.043,47.9372
62,14312737,0,0,59,72.0247,47.9626
62,14312737,0,0,60,71.9931,47.9789
62,14312737,0,0,61,71.9919,47.998
62,14312737,0,0,62,71.9711,48.0238
62,14312737,0,0,63,71.9409,48.038
62,14312737,0,0,64,71.9623,48.0646
62,14312737,0,0,65,71.9778,48.1229
62,14312737,0,0,66,71.9665,48.1467
62,14312737,0,0,67,71.9681,48.1663
62,14312737,0,0,68,71.9326,48.1977
62,14312737,0,0,69,71.9078,48.2089
62,14312737,0,0,70,71.8992,48.2301
62,14312737,0,0,71,71.9074,48.2553
62,14312737,0,0,72,71.8665,48.2842
62,14312737,0,0,73,71.8599,48.2911
62,14312737,0,0,74,71.8635,48.2988
62,14312737,0,0,75,71.8422,48.3203
62,14312737,0,0,76,71.9539,48.3491
62,14312737,0,0,77,72.0013,48.5003
62,14312737,0,0,78,72.0117,48.6263
62,14312737,0,0,79,72.0021,48.7126
62,14312737,0,0,80,72.0368,48.7149
62,14312737,0,0,81,72.0389,48.7344
62,14312737,0,0,82,72.1095,48.7386
62,14312737,0,0,83,72.1002,48.7917
62,14312737,0,0,84,72.0686,48.8055
62,14312737,0,0,85,72.0605,48.8297
62,14312737,0,0,86,72.1046,48.8316
62,14312737,0,0,87,72.0966,48.9281
62,14312737,0,0,88,72.0406,48.9249
62,14312737,0,0,89,72.0127,48.9521
62,14312737,0,0,90,71.9959,48.9518
62,14312737,0,0,91,71.9854,48.969
62,14312737,0,0,92,72.0205,49.0013
62,14312737,0,0,93,71.9422,49.0421
62,14312737,0,0,94,71.9424,49.1697
62,14312737,0,0,95,71.6682,49.1645
62,14312737,0,0,96,71.6289,49.1788
62,14312737,0,0,97,71.6401,49.2375
62,14312737,0,0,98,71.0045,49.1715
62,14312737,0,0,99,70.9439,49.2228
62,14312737,0,0,100,70.8185,49.2598
62,14312737,0,0,101,70.7763,49.3095
62,14312737,0,0,102,70.7702,49.3647
62,14312737,0,0,103,70.6821,49.3861
62,14312737,0,0,104,70.5494,49.3909
62,14312737,0,0,105,70.5546,49.1391
62,14312737,0,0,106,70.4965,48.9931
62,14312737,0,0,107,70.4286,48.8577
62,14312737,0,0,108,69.8753,48.7966
62,14312737,0,0,109,69.8255,48.7988
62,14312737,0,0,110,69.8179,48.7727
62,14312737,0,0,111,69.7724,48.7169
62,14312737,0,0,112,69.4238,48.6436
62,14312737,0,0,113,69.2943,48.6884
62,14312737,0,0,114,69.1554,48.798
62,14312737,0,0,115,68.9047,48.7963
62,14312737,0,0,116,68.7164,48.8661
62,14312737,0,0,117,68.3629,49.1475
62,14312737,0,0,118,67.9434,49.1764
62,14312737,0,0,119,67.9108,49.2082
62,14312737,0,0,120,67.9306,49.309
62,14312737,0,0,121,67.8836,49.4212
62,14312737,0,0,122,67.7372,49.5517
62,14312737,0,0,123,67.6654,49.6981
62,14312737,0,0,124,67.6209,49.6969
62,14312737,0,0,125,67.5485,49.7258
62,14312737,0,0,126,67.5484,49.764
62,14312737,0,0,127,67.4722,49.8488
62,14312737,0,0,128,67.4468,49.8628
62,14312737,0,0,129,67.4432,49.8807
62,14312737,0,0,130,67.3738,49.9382
62,14312737,0,0,131,67.0417,49.6475
62,14312737,0,0,132,66.837,49.5787
62,14312737,0,0,133,66.6514,49.4567
62,14312737,0,0,134,66.5972,49.3244
62,14312737,0,0,135,66.5422,49.2704
62,14312737,0,0,136,66.4124,49.2415
62,14312737,0,0,137,66.0731,48.9932
62,14312737,0,0,138,65.7754,48.9822
62,14312737,0,0,139,65.7533,48.8867
62,14312737,0,0,140,65.7368,48.8756
62,14312737,0,0,141,65.6676,48.8761
62,14312737,0,0,142,65.4861,48.8283
62,14312737,0,0,143,64.7458,48.9377
62,14312737,0,0,144,64.698,48.6757
62,14312737,0,0,145,64.4687,48.6747
62,14312737,0,0,146,64.5307,48.5997
62,14312737,0,0,147,64.4908,48.5655
62,14312737,0,0,148,64.5786,48.5108
62,14312737,0,0,149,64.2275,48.4618
62,14312737,0,0,150,64.2828,48.3477
62,14312737,0,0,151,64.0161,48.1703
62,14312737,0,0,152,64.1201,48.0023
62,14312737,0,0,153,64.2154,47.9241
62,14312737,0,0,154,64.2772,47.8995
62,14312737,0,0,155,64.0147,47.7032
62,14312737,0,0,156,63.9659,47.6928
62,14312737,0,0,157,63.5265,47.4808
62,14312737,0,0,158,63.2255,47.3607
62,14312737,0,0,159,63.2037,47.3333
62,14312737,0,0,160,63.1457,47.2965
62,14312737,0,0,161,62.9501,47.1908
63,215699,0,0,0,81.1125,50.227
63,215699,0,0,1,81.1238,50.1623
63,215699,0,0,2,81.2692,50.1318
63,215699,0,0,3,81.3752,50.1239
63,215699,0,0,4,81.3546,50.0567
63,215699,0,0,5,81.3402,50.0538
63,215699,0,0,6,81.3451,50.0421
63,215699,0,0,7,81.3276,50.0307
63,215699,0,0,8,81.3375,50.0088
63,215699,0,0,9,81.3293,49.967
63,215699,0,0,10,81.4807,49.9483
63,215699,0,0,11,81.5019,49.9374
63,215699,0,0,12,81.5219,49.9132
63,215699,0,0,13,81.57,49.9137
63,215699,0,0,14,81.5608,49.8976
63,215699,0,0,15,81.5689,49.882
63,215699,0,0,16,81.6419,49.877
63,215699,0,0,17,81.6753,49.8823
63,215699,0,0,18,81.6966,49.865
63,215699,0,0,19,81.7025,49.8187
63,215699,0,0,20,81.6909,49.7831
63,215699,0,0,21,81.6466,49.7685
63,215699,0,0,22,81.6361,49.7561
63,215699,0,0,23,81.6378,49.744
63,215699,0,0,24,81.658,49.7265
63,215699,0,0,25,81.6754,49.7225
63,215699,0,0,26,81.7114,49.7379
63,215699,0,0,27,81.7174,49.763
63,215699,0,0,28,81.7538,49.7483
63,215699,0,0,29,81.7546,49.7351
63,215699,0,0,30,81.7297,49.7017
63,215699,0,0,31,81.7674,49.6839
63,215699,0,0,32,81.7913,49.658
63,215699,0,0,33,81.8149,49.6573
63,215699,0,0,34,81.8092,49.6218
63,215699,0,0,35,81.8579,49.6212
63,215699,0,0,36,81.9104,49.6011
63,215699,0,0,37,81.9127,49.5818
63,215699,0,0,38,81.9896,49.5671
63,215699,0,0,39,82.009,49.5576
63,215699,0,0,40,82.0206,49.5297
63,215699,0,0,41,82.0487,49.514
63,215699,0,0,42,82.082,49.5142
63,215699,0,0,43,82.0818,49.4942
63,215699,0,0,44,82.0645,49.4734
63,215699,0,0,45,82.0585,49.4516
63,215699,0,0,46,82.0718,49.4342
63,215699,0,0,47,82.1014,49.4365
63,215699,0,0,48,82.0927,49.4096
63,215699,0,0,49,82.1384,49.3947
63,215699,0,0,50,82.2453,49.3773
63,215699,0,0,51,82.2489,49.3906
63,215699,0,0,52,82.3009,49.3852
63,215699,0,0,53,82.3017,49.3754
63,215699,0,0,54,82.3621,49.3417
63,215699,0,0,55,82.3999,49.3026
63,215699,0,0,56,82.4307,49.3392
63,215699,0,0,57,82.5228,49.3316
63,215699,0,0,58,82.6103,49.2538
63,215699,0,0,59,82.5992,49.2451
63,215699,0,0,60,82.6349,49.2114
63,215699,0,0,61,82.6582,49.2114
63,215699,0,0,62,82.6682,49.2272
63,215699,0,0,63,82.6905,49.2214
63,215699,0,0,64,82.6794,49.1932
63,215699,0,0,65,82.6836,49.1552
63,215699,0,0,66,82.7039,49.1284
63,215699,0,0,67,82.6982,49.0716
63,215699,0,0,68,82.7034,49.0551
63,215699,0,0,69,82.7231,49.0352
63,215699,0,0,70,82.7193,49.0276
63,215699,0,0,71,82.7091,49.0297
63,215699,0,0,72,82.7587,48.9888
63,215699,0,0,73,82.7675,48.9713
63,215699,0,0,74,82.8546,48.9719
63,215699,0,0,75,82.9201,48.9452
63,215699,0,0,76,82.9212,48.9087
63,215699,0,0,77,82.8958,48.8849
63,215699,0,0,78,82.8452,48.8432
63,215699,0,0,79,82.811,48.854
63,215699,0,0,80,82.832,48.824
63,215699,0,0,81,82.8217,48.8172
63,215699,0,0,82,82.8251,48.7957
63,215699,0,0,83,82.7981,48.7778
63,215699,0,0,84,82.797,48.768
63,215699,0,0,85,82.8255,48.7688
63,215699,0,0,86,82.8671,48.7442
63,215699,0,0,87,82.8846,48.7621
63,215699,0,0,88,82.9282,48.7524
63,215699,0,0,89,82.9005,48.7619
63,215699,0,0,90,82.8973,48.7757
63,215699,0,0,91,82.872,48.782
63,215699,0,0,92,82.8851,48.8297
63,215699,0,0,93,82.9497,48.817
63,215699,0,0,94,82.9061,48.7729
63,215699,0,0,95,82.9434,48.7631
63,215699,0,0,96,82.9389,48.7571
63,215699,0,0,97,82.9548,48.7458
63,215699,0,0,98,82.9445,48.7482
63,215699,0,0,99,82.9239,48.7298
63,215699,0,0,100,82.979,48.7239
63,215699,0,0,101,82.9799,48.7672
63,215699,0,0,102,83.0306,48.7516
63,215699,0,0,103,83.1688,48.7644
63,215699,0,0,104,83.1922,48.7178
63,215699,0,0,105,83.1802,48.7069
63,215699,0,0,106,83.1203,48.6897
63,215699,0,0,107,83.1069,48.7139
63,215699,0,0,108,83.1002,48.7031
63,215699,0,0,109,83.0334,48.7037
63,215699,0,0,110,83.0233,48.6797
63,215699,0,0,111,83.0405,48.659
63,215699,0,0,112,83.0618,48.6543
63,215699,0,0,113,83.0608,48.6392
63,215699,0,0,114,83.0136,48.6448
63,215699,0,0,115,83.0081,48.6332
63,215699,0,0,116,83.014,48.6262
63,215699,0,0,117,83.0383,48.6209
63,215699,0,0,118,83.0626,48.6275
63,215699,0,0,119,83.1155,48.6152
63,215699,0,0,120,83.1407,48.6559
63,215699,0,0,121,83.1255,48.6839
63,215699,0,0,122,83.1534,48.689
63,215699,0,0,123,83.1547,48.6719
63,215699,0,0,124,83.1771,48.6804
63,215699,0,0,125,83.2059,48.649
63,215699,0,0,126,83.2019,48.6331
63,215699,0,0,127,83.1927,48.6367
63,215699,0,0,128,83.1905,48.6284
63,215699,0,0,129,83.2151,48.5859
63,215699,0,0,130,83.3156,48.553
63,215699,0,0,131,83.3232,48.5366
63,215699,0,0,132,83.3476,48.5276
63,215699,0,0,133,83.4214,48.5237
63,215699,0,0,134,83.4377,48.4706
63,215699,0,0,135,83.4858,48.4379
63,215699,0,0,136,83.5589,48.4171
63,215699,0,0,137,83.6156,48.3909
63,215699,0,0,138,83.6197,48.3679
63,215699,0,0,139,83.5961,48.3483
63,215699,0,0,140,83.5181,48.3176
63,215699,0,0,141,83.4781,48.2852
63,215699,0,0,142,83.4924,48.2691
63,215699,0,0,143,83.4886,48.2609
63,215699,0,0,144,83.4659,48.2541
63,215699,0,0,145,83.4696,48.2404
63,215699,0,0,146,83.43,48.2346
63,215699,0,0,147,83.217,48.0934
63,215699,0,0,148,82.9904,47.9612
63,215699,0,0,149,82.972,47.938
63,215699,0,0,150,83.0036,47.9196
63,215699,0,0,151,82.987,47.9096
63,215699,0,0,152,82.9903,47.8824
63,215699,0,0,153,82.9742,47.8004
63,215699,0,0,154,82.9772,47.7831
63,215699,0,0,155,83.0266,47.705
63,215699,0,0,156,83.0793,47.6486
63,215699,0,0,157,83.0748,47.6416
63,215699,0,0,158,83.1569,47.6358
63,215699,0,0,159,83.1699,47.6157
63,215699,0,0,160,83.1141,47.5845
63,215699,0,0,161,83.1651,47.5229
63,215699,0,0,162,83.2228,47.475
63,215699,0,0,163,83.2307,47.4322
63,215699,0,0,164,83.2129,47.4145
63,215699,0,0,165,83.2096,47.3956
63,215699,0,0,166,83.1919,47.3917
63,215699,0,0,167,83.1727,47.2972
63,215699,0,0,168,83.1773,47.2574
63,215699,0,0,169,83.1576,47.229
63,215699,0,0,170,83.2005,47.2163
63,215699,0,0,171,83.2091,47.196
63,215699,0,0,172,83.2365,47.1891
63,215699,0,0,173,83.2422,47.1784
63,215699,0,0,174,83.2801,47.1752
63,215699,0,0,175,83.2931,47.182
63,215699,0,0,176,83.3355,47.17
63,215699,0,0,177,83.3649,47.1778
63,215699,0,0,178,83.3645,47.1639
63,215699,0,0,179,83.3863,47.1502
63,215699,0,0,180,83.4135,47.116
63,215699,0,0,181,83.4288,47.1145
63,215699,0,0,182,83.4299,47.1232
63,215699,0,0,183,83.4492,47.1314
63,215699,0,0,184,83.4708,47.128
63,215699,0,0,185,83.4649,47.119
63,215699,0,0,186,83.4812,47.1175
63,215699,0,0,187,83.4832,47.1091
63,215699,0,0,188,83.5059,47.1095
63,215699,0,0,189,83.525,47.0852
63,215699,0,0,190,83.566,47.0781
63,215699,0,0,191,83.5597,47.0611
63,215699,0,0,192,83.5651,47.0564
63,215699,0,0,193,83.585,47.0598
63,215699,0,0,194,83.6039,47.0546
63,215699,0,0,195,83.6074,47.0463
63,215699,0,0,196,83.6956,47.0358
63,215699,0,0,197,83.6987,47.0176
63,215699,0,0,198,83.7402,47.0331
63,215699,0,0,199,83.758,47.0242
63,215699,0,0,200,83.7835,47.0243
63,215699,0,0,201,83.8291,47.0104
63,215699,0,0,202,83.8373,47.0034
63,215699,0,0,203,83.835,46.9947
63,215699,0,0,204,83.8592,46.9979
63,215699,0,0,205,83.8708,46.995
63,215699,0,0,206,83.8708,46.987
63,215699,0,0,207,83.892,46.9884
63,215699,0,0,208,83.9044,46.9745
63,215699,0,0,209,83.9173,46.9729
63,215699,0,0,210,83.9262,46.9847
63,215699,0,0,211,83.9472,46.991
63,215699,0,0,212,83.9675,46.984
63,215699,0,0,213,83.9865,46.9957
63,215699,0,0,214,84.0508,46.9691
63,215699,0,0,215,84.1246,46.967
63,215699,0,0,216,84.1583,46.9809
63,215699,0,0,217,84.1657,46.9943
63,215699,0,0,218,84.2011,47.0023
63,215699,0,0,219,84.225,46.9972
63,215699,0,0,220,84.2864,47.0023
63,215699,0,0,221,84.2991,46.9954
63,215699,0,0,222,84.3309,47.0029
63,215699,0,0,223,84.3792,46.996
63,215699,0,0,224,84.436,47.009
63,215699,0,0,225,84.458,47.0087
63,215699,0,0,226,84.4603,46.9933
63,215699,0,0,227,84.4843,46.9926
63,215699,0,0,228,84.5102,46.975
63,215699,0,0,229,84.5794,46.9996
63,215699,0,0,230,84.6305,46.9947
63,215699,0,0,231,84.7097,47.0095
63,215699,0,0,232,84.7592,47.0047
63,215699,0,0,233,84.7757,46.9918
63,215699,0,0,234,84.7823,46.9737
63,215699,0,0,235,84.8581,46.9469
63,215699,0,0,236,84.8585,46.9279
63,215699,0,0,237,84.9057,46.8985
63,215699,0,0,238,84.9155,46.88
63,215699,0,0,239,84.9442,46.8629
63,215699,0,0,240,84.9795,46.8736
63,215699,0,0,241,84.9733,46.8874
63,215699,0,0,242,84.9885,46.9186
63,215699,0,0,243,85.0061,46.9265
63,215699,0,0,244,85.0663,46.9257
63,215699,0,0,245,85.0826,46.9405
63,215699,0,0,246,85.0788,46.9579
63,215699,0,0,247,85.1191,46.9699
63,215699,0,0,248,85.1455,46.9893
63,215699,0,0,249,85.176,46.9922
63,215699,0,0,250,85.1756,47.0035
63,215699,0,0,251,85.1941,47.0126
63,215699,0,0,252,85.2169,47.0524
63,215699,0,0,253,85.2615,47.0499
63,215699,0,0,254,85.2748,47.0564
63,215699,0,0,255,85.2764,47.0688
63,215699,0,0,256,85.2994,47.065
63,215699,0,0,257,85.307,47.0509
63,215699,0,0,258,85.3235,47.0429
63,215699,0,0,259,85.3457,47.0548
63,215699,0,0,260,85.3824,47.046
63,215699,0,0,261,85.4125,47.06
63,215699,0,0,262,85.4604,47.064
63,215699,0,0,263,85.4811,47.0531
63,215699,0,0,264,85.5347,47.0491
63,215699,0,0,265,85.5332,47.0698
63,215699,0,0,266,85.5444,47.0796
63,215699,0,0,267,85.5481,47.1061
63,215699,0,0,268,85.5743,47.1258
63,215699,0,0,269,85.5796,47.1416
63,215699,0,0,270,85.6406,47.1846
63,215699,0,0,271,85.6499,47.2056
63,215699,0,0,272,85.6857,47.2287
63,215699,0,0,273,85.6889,47.2404
63,215699,0,0,274,85.68,47.2509
63,215699,0,0,275,85.6987,47.2887
63,215699,0,0,276,85.6729,47.3209
63,215699,0,0,277,85.6856,47.33
63,215699,0,0,278,85.6879,47.3652
63,215699,0,0,279,85.6981,47.367
63,215699,0,0,280,85.703,47.3801
63,215699,0,0,281,85.6851,47.3972
63,215699,0,0,282,85.6832,47.4302
63,215699,0,0,283,85.6395,47.4638
63,215699,0,0,284,85.6078,47.5089
63,215699,0,0,285,85.6143,47.5401
63,215699,0,0,286,85.5474,47.9822
63,215699,0,0,287,85.5373,47.992
63,215699,0,0,288,85.54,48.0199
63,215699,0,0,289,85.5266,48.0259
63,215699,0,0,290,85.5327,48.0306
63,215699,0,0,291,85.5294,48.0439
63,215699,0,0,292,85.5419,48.0535
63,215699,0,0,293,85.5345,48.0708
63,215699,0,0,294,85.5483,48.0793
63,215699,0,0,295,85.5449,48.1052
63,215699,0,0,296,85.5546,48.1065
63,215699,0,0,297,85.5468,48.1147
63,215699,0,0,298,85.5493,48.1276
63,215699,0,0,299,85.564,48.1326
63,215699,0,0,300,85.554,48.1402
63,215699,0,0,301,85.5813,48.1675
63,215699,0,0,302,85.5886,48.1966
63,215699,0,0,303,85.6235,48.2027
63,215699,0,0,304,85.6327,48.2335
63,215699,0,0,305,85.6507,48.2465
63,215699,0,0,306,85.6594,48.2418
63,215699,0,0,307,85.6755,48.2641
63,215699,0,0,308,85.6823,48.2919
63,215699,0,0,309,85.6945,48.3007
63,215699,0,0,310,85.691,48.329
63,215699,0,0,311,85.7142,48.3494
63,215699,0,0,312,85.7137,48.3608
63,215699,0,0,313,85.7527,48.3896
63,215699,0,0,314,85.7559,48.403
63,215699,0,0,315,85.7874,48.4175
63,215699,0,0,316,85.9117,48.4362
63,215699,0,0,317,86.2323,48.4322
63,215699,0,0,318,86.251,48.4526
63,215699,0,0,319,86.2677,48.4516
63,215699,0,0,320,86.2827,48.4723
63,215699,0,0,321,86.2969,48.477
63,215699,0,0,322,86.3007,48.4905
63,215699,0,0,323,86.3595,48.4907
63,215699,0,0,324,86.375,48.5014
63,215699,0,0,325,86.407,48.4787
63,215699,0,0,326,86.5854,48.538
63,215699,0,0,327,86.5974,48.5583
63,215699,0,0,328,86.5939,48.575
63,215699,0,0,329,86.6119,48.5971
63,215699,0,0,330,86.6291,48.605
63,215699,0,0,331,86.635,48.6265
63,215699,0,0,332,86.689,48.64
63,215699,0,0,333,86.7005,48.6689
63,215699,0,0,334,86.773,48.7204
63,215699,0,0,335,86.7778,48.7358
63,215699,0,0,336,86.7512,48.7779
63,215699,0,0,337,86.7533,48.7877
63,215699,0,0,338,86.7616,48.8047
63,215699,0,0,339,86.8192,48.8331
63,215699,0,0,340,86.8165,48.8563
63,215699,0,0,341,86.7839,48.8749
63,215699,0,0,342,86.7752,48.8895
63,215699,0,0,343,86.7514,48.8961
63,215699,0,0,344,86.7354,48.9235
63,215699,0,0,345,86.7264,48.988
63,215699,0,0,346,86.7496,49.015
63,215699,0,0,347,86.8345,49.0525
63,215699,0,0,348,86.8475,49.0653
63,215699,0,0,349,86.8435,49.1006
63,215699,0,0,350,86.8963,49.1348
63,215699,0,0,351,86.9437,49.13
63,215699,0,0,352,86.9993,49.1427
63,215699,0,0,353,87.0498,49.1301
63,215699,0,0,354,87.081,49.1309
63,215699,0,0,355,87.101,49.1404
63,215699,0,0,356,87.1041,49.1511
63,215699,0,0,357,87.1418,49.1524
63,215699,0,0,358,87.1687,49.1389
63,215699,0,0,359,87.2,49.1429
63,215699,0,0,360,87.215,49.1303
63,215699,0,0,361,87.2135,49.1228
63,215699,0,0,362,87.2303,49.1144
63,215699,0,0,363,87.2863,49.1158
63,215699,0,0,364,87.2995,49.1487
63,215699,0,0,365,87.29,49.156
63,215699,0,0,366,87.3038,49.1722
63,215699,0,0,367,87.2916,49.2018
63,215699,0,0,368,87.3156,49.2311
63,215699,0,0,369,87.2693,49.2326
63,215699,0,0,370,87.1983,49.2525
63,215699,0,0,371,87.1411,49.2463
63,215699,0,0,372,87.1283,49.2561
63,215699,0,0,373,87.0307,49.2529
63,215699,0,0,374,87.006,49.2989
63,215699,0,0,375,86.971,49.3059
63,215699,0,0,376,86.9541,49.3352
63,215699,0,0,377,86.9265,49.3489
63,215699,0,0,378,86.9247,49.3698
63,215699,0,0,379,86.9368,49.3689
63,215699,0,0,380,86.9492,49.3799
63,215699,0,0,381,86.9363,49.4002
63,215699,0,0,382,86.9473,49.4096
63,215699,0,0,383,86.8334,49.4522
63,215699,0,0,384,86.8387,49.4627
63,215699,0,0,385,86.8297,49.4817
63,215699,0,0,386,86.8554,49.4993
63,215699,0,0,387,86.851,49.5106
63,215699,0,0,388,86.8148,49.5323
63,215699,0,0,389,86.8272,49.5454
63,215699,0,0,390,86.7395,49.5712
63,215699,0,0,391,86.6824,49.5691
63,215699,0,0,392,86.6659,49.5603
63,215699,0,0,393,86.6182,49.5704
63,215699,0,0,394,86.5976,49.6095
63,215699,0,0,395,86.6155,49.6285
63,215699,0,0,396,86.6592,49.6438
63,215699,0,0,397,86.6533,49.6525
63,215699,0,0,398,86.6657,49.6655
63,215699,0,0,399,86.6819,49.6687
63,215699,0,0,400,86.6997,49.685
63,215699,0,0,401,86.7095,49.6873
63,215699,0,0,402,86.7242,49.6767
63,215699,0,0,403,86.7384,49.6884
63,215699,0,0,404,86.7789,49.696
63,215699,0,0,405,86.753,49.7424
63,215699,0,0,406,86.7646,49.7502
63,215699,0,0,407,86.7835,49.7931
63,215699,0,0,408,86.7359,49.7872
63,215699,0,0,409,86.6884,49.8109
63,215699,0,0,410,86.6539,49.8126
63,215699,0,0,411,86.6153,49.8007
63,215699,0,0,412,86.5899,49.8071
63,215699,0,0,413,86.6106,49.772
63,215699,0,0,414,86.6024,49.744
63,215699,0,0,415,86.5784,49.7339
63,215699,0,0,416,86.5805,49.723
63,215699,0,0,417,86.5092,49.691
63,215699,0,0,418,86.5084,49.6782
63,215699,0,0,419,86.4885,49.6579
63,215699,0,0,420,86.4286,49.6294
63,215699,0,0,421,86.4194,49.6083
63,215699,0,0,422,86.3618,49.5924
63,215699,0,0,423,86.3159,49.5993
63,215699,0,0,424,86.2716,49.5827
63,215699,0,0,425,86.267,49.5465
63,215699,0,0,426,86.2394,49.5254
63,215699,0,0,427,86.2283,49.4952
63,215699,0,0,428,86.202,49.4661
63,215699,0,0,429,86.1739,49.479
63,215699,0,0,430,86.1663,49.5033
63,215699,0,0,431,86.1129,49.5244
63,215699,0,0,432,86.0372,49.5218
63,215699,0,0,433,86.0245,49.5037
63,215699,0,0,434,85.969,49.4871
63,215699,0,0,435,85.9294,49.5359
63,215699,0,0,436,85.9494,49.5538
63,215699,0,0,437,85.9443,49.5613
63,215699,0,0,438,85.8837,49.5669
63,215699,0,0,439,85.8262,49.5443
63,215699,0,0,440,85.8055,49.5574
63,215699,0,0,441,85.8099,49.5659
63,215699,0,0,442,85.7569,49.5772
63,215699,0,0,443,85.6939,49.5641
63,215699,0,0,444,85.6787,49.5509
63,215699,0,0,445,85.6272,49.5778
63,215699,0,0,446,85.6216,49.6009
63,215699,0,0,447,85.5899,49.6144
63,215699,0,0,448,85.5533,49.5944
63,215699,0,0,449,85.4902,49.5981
63,215699,0,0,450,85.3884,49.6348
63,215699,0,0,451,85.3213,49.5908
63,215699,0,0,452,85.2575,49.5885
63,215699,0,0,453,85.255,49.604
63,215699,0,0,454,85.2647,49.6198
63,215699,0,0,455,85.2545,49.6273
63,215699,0,0,456,85.2107,49.6274
63,215699,0,0,457,85.2163,49.637
63,215699,0,0,458,85.2036,49.6574
63,215699,0,0,459,85.2149,49.6891
63,215699,0,0,460,85.2055,49.7099
63,215699,0,0,461,85.2155,49.7185
63,215699,0,0,462,85.1986,49.7372
63,215699,0,0,463,85.2034,49.7453
63,215699,0,0,464,85.1753,49.7546
63,215699,0,0,465,85.1657,49.7691
63,215699,0,0,466,85.1487,49.7679
63,215699,0,0,467,85.1395,49.7854
63,215699,0,0,468,85.1446,49.7964
63,215699,0,0,469,85.1213,49.818
63,215699,0,0,470,85.1016,49.8242
63,215699,0,0,471,85.1004,49.8521
63,215699,0,0,472,85.0597,49.885
63,215699,0,0,473,84.9855,49.9068
63,215699,0,0,474,84.9781,49.9425
63,215699,0,0,475,84.9849,49.9499
63,215699,0,0,476,84.9729,49.9543
63,215699,0,0,477,84.9947,49.9701
63,215699,0,0,478,84.978,49.9763
63,215699,0,0,479,85.0493,50.0104
63,215699,0,0,480,85.0354,50.0189
63,215699,0,0,481,85.0355,50.0525
63,215699,0,0,482,84.9748,50.067
63,215699,0,0,483,84.9458,50.0966
63,215699,0,0,484,84.924,50.0922
63,215699,0,0,485,84.8866,50.1042
63,215699,0,0,486,84.8507,50.0939
63,215699,0,0,487,84.8335,50.1051
63,215699,0,0,488,84.8326,50.1143
63,215699,0,0,489,84.8139,50.1208
63,215699,0,0,490,84.8134,50.1362
63,215699,0,0,491,84.8254,50.143
63,215699,0,0,492,84.8052,50.1472
63,215699,0,0,493,84.7577,50.1369
63,215699,0,0,494,84.692,50.1886
63,215699,0,0,495,84.6282,50.2107
63,215699,0,0,496,84.5812,50.2081
63,215699,0,0,497,84.5675,50.1968
63,215699,0,0,498,84.5303,50.206
63,215699,0,0,499,84.5028,50.2315
63,215699,0,0,500,84.4568,50.2473
63,215699,0,0,501,84.4338,50.2361
63,215699,0,0,502,84.4098,50.2092
63,215699,0,0,503,84.3911,50.2158
63,215699,0,0,504,84.3625,50.2055
63,215699,0,0,505,84.3258,50.2286
63,215699,0,0,506,84.3183,50.247
63,215699,0,0,507,84.3005,50.2485
63,215699,0,0,508,84.2807,50.2615
63,215699,0,0,509,84.2507,50.2925
63,215699,0,0,510,84.272,50.3207
63,215699,0,0,511,84.2618,50.3256
63,215699,0,0,512,84.2696,50.3538
63,215699,0,0,513,84.242,50.3769
63,215699,0,0,514,84.242,50.4087
63,215699,0,0,515,84.2165,50.4342
63,215699,0,0,516,84.204,50.469
63,215699,0,0,517,84.2326,50.4831
63,215699,0,0,518,84.2353,50.5042
63,215699,0,0,519,84.2487,50.5156
63,215699,0,0,520,84.2306,50.5402
63,215699,0,0,521,84.1691,50.5517
63,215699,0,0,522,84.1721,50.5634
63,215699,0,0,523,84.1517,50.5739
63,215699,0,0,524,84.1569,50.5873
63,215699,0,0,525,84.144,50.6062
63,215699,0,0,526,84.1153,50.6092
63,215699,0,0,527,84.1078,50.6231
63,215699,0,0,528,84.0807,50.6348
63,215699,0,0,529,84.0717,50.6591
63,215699,0,0,530,84.0518,50.667
63,215699,0,0,531,84.0232,50.6979
63,215699,0,0,532,83.9893,50.7087
63,215699,0,0,533,83.9661,50.728
63,215699,0,0,534,83.9489,50.7506
63,215699,0,0,535,83.9517,50.7636
63,215699,0,0,536,83.9762,50.7799
63,215699,0,0,537,83.9727,50.7954
63,215699,0,0,538,83.9105,50.8163
63,215699,0,0,539,83.8971,50.8321
63,215699,0,0,540,83.8763,50.8385
63,215699,0,0,541,83.8762,50.8485
63,215699,0,0,542,83.8488,50.8562
63,215699,0,0,543,83.85,50.8647
63,215699,0,0,544,83.8244,50.8836
63,215699,0,0,545,83.7036,50.8962
63,215699,0,0,546,83.6778,50.9154
63,215699,0,0,547,83.6786,50.928
63,215699,0,0,548,83.6565,50.9395
63,215699,0,0,549,83.6487,50.9548
63,215699,0,0,550,83.6302,50.9436
63,215699,0,0,551,83.5977,50.9607
63,215699,0,0,552,83.5843,50.9467
63,215699,0,0,553,83.5376,50.9609
63,215699,0,0,554,83.5069,50.9497
63,215699,0,0,555,83.4995,50.9766
63,215699,0,0,556,83.4475,50.9771
63,215699,0,0,557,83.4302,50.9867
63,215699,0,0,558,83.4398,51.0049
63,215699,0,0,559,83.4324,51.0094
63,215699,0,0,560,83.4043,51.0131
63,215699,0,0,561,83.3663,50.9986
63,215699,0,0,562,83.3582,51.0075
63,215699,0,0,563,83.2916,51.009
63,215699,0,0,564,83.2844,51.015
63,215699,0,0,565,83.202,50.9933
63,215699,0,0,566,83.175,51.0116
63,215699,0,0,567,83.121,51.011
63,215699,0,0,568,83.1223,50.9845
63,215699,0,0,569,83.1125,50.966
63,215699,0,0,570,83.059,50.9346
63,215699,0,0,571,83.006,50.9252
63,215699,0,0,572,82.9796,50.8838
63,215699,0,0,573,82.911,50.9077
63,215699,0,0,574,82.8891,50.9065
63,215699,0,0,575,82.8789,50.8975
63,215699,0,0,576,82.838,50.918
63,215699,0,0,577,82.7328,50.9273
63,215699,0,0,578,82.7314,50.9072
63,215699,0,0,579,82.7173,50.9009
63,215699,0,0,580,82.7175,50.894
63,215699,0,0,581,82.7392,50.8504
63,215699,0,0,582,82.7065,50.8319
63,215699,0,0,583,82.71,50.8225
63,215699,0,0,584,82.7015,50.8122
63,215699,0,0,585,82.6751,50.808
63,215699,0,0,586,82.6802,50.8006
63,215699,0,0,587,82.668,50.7932
63,215699,0,0,588,82.6471,50.7943
63,215699,0,0,589,82.6304,50.7791
63,215699,0,0,590,82.6055,50.776
63,215699,0,0,591,82.5675,50.7468
63,215699,0,0,592,82.4855,50.7422
63,215699,0,0,593,82.4718,50.7561
63,215699,0,0,594,82.4083,50.7638
63,215699,0,0,595,82.3573,50.7846
63,215699,0,0,596,82.3167,50.753
63,215699,0,0,597,82.2959,50.7694
63,215699,0,0,598,82.2704,50.7698
63,215699,0,0,599,82.224,50.7368
63,215699,0,0,600,82.2158,50.7413
63,215699,0,0,601,82.1727,50.7301
63,215699,0,0,602,82.1722,50.7468
63,215699,0,0,603,82.0784,50.7508
63,215699,0,0,604,82.0611,50.7574
63,215699,0,0,605,82.0629,50.7658
63,215699,0,0,606,82.036,50.7691
63,215699,0,0,607,82.0128,50.7861
63,215699,0,0,608,81.9061,50.7955
63,215699,0,0,609,81.8854,50.8043
63,215699,0,0,610,81.7968,50.772
63,215699,0,0,611,81.7887,50.816
63,215699,0,0,612,81.7766,50.8206
63,215699,0,0,613,81.7556,50.7817
63,215699,0,0,614,81.7281,50.76
63,215699,0,0,615,81.5908,50.7435
63,215699,0,0,616,81.585,50.7043
63,215699,0,0,617,81.634,50.6959
63,215699,0,0,618,81.6341,50.6737
63,215699,0,0,619,81.6641,50.6479
63,215699,0,0,620,81.6646,50.5845
63,215699,0,0,621,81.6327,50.584
63,215699,0,0,622,81.629,50.5763
63,215699,0,0,623,81.6373,50.5768
63,215699,0,0,624,81.6339,50.5687
63,215699,0,0,625,81.6501,50.5622
63,215699,0,0,626,81.6509,50.5551
63,215699,0,0,627,81.6786,50.5593
63,215699,0,0,628,81.6783,50.5492
63,215699,0,0,629,81.6874,50.5516
63,215699,0,0,630,81.6865,50.544
63,215699,0,0,631,81.7156,50.5325
63,215699,0,0,632,81.737,50.5047
63,215699,0,0,633,81.6932,50.483
63,215699,0,0,634,81.6924,50.4584
63,215699,0,0,635,81.6692,50.4392
63,215699,0,0,636,81.6904,50.408
63,215699,0,0,637,81.7204,50.4025
63,215699,0,0,638,81.6884,50.4003
63,215699,0,0,639,81.6825,50.3152
63,215699,0,0,640,81.6673,50.2976
63,215699,0,0,641,81.627,50.2688
63,215699,0,0,642,81.4779,50.3193
63,215699,0,0,643,81.3493,50.3234
63,215699,0,0,644,81.3738,50.2369
63,215699,0,0,645,81.3369,50.2317
63,215699,0,0,646,81.3323,50.2238
63,215699,0,0,647,81.3245,50.2308
63,215699,0,0,648,81.1931,50.2538
63,215699,0,0,649,81.1557,50.2336
63,215699,0,0,650,81.1125,50.227
71,3087155,0,0,0,71.218,51.1108
71,3087155,0,0,1,71.2555,51.0637
71,3087155,0,0,2,71.255,51.049
71,3087155,0,0,3,71.286,51.0223
71,3087155,0,0,4,71.3184,51.0239
71,3087155,0,0,5,71.4542,51.0009
71,3087155,0,0,6,71.4509,50.9604
71,3087155,0,0,7,71.4632,50.9585
71,3087155,0,0,8,71.4606,50.9472
71,3087155,0,0,9,71.4716,50.9377
71,3087155,0,0,10,71.4827,50.9396
71,3087155,0,0,11,71.4866,50.9308
71,3087155,0,0,12,71.5469,50.9309
71,3087155,0,0,13,71.5543,50.9683
71,3087155,0,0,14,71.5372,50.9885
71,3087155,0,0,15,71.537,51.0069
71,3087155,0,0,16,71.5558,51.0154
71,3087155,0,0,17,71.5397,51.0482
71,3087155,0,0,18,71.5559,51.0489
71,3087155,0,0,19,71.6149,51.0995
71,3087155,0,0,20,71.6788,51.0854
71,3087155,0,0,21,71.7245,51.1034
71,3087155,0,0,22,71.7353,51.0967
71,3087155,0,0,23,71.742,51.1015
71,3087155,0,0,24,71.7051,51.113
71,3087155,0,0,25,71.7147,51.1313
71,3087155,0,0,26,71.6887,51.1404
71,3087155,0,0,27,71.6452,51.1399
71,3087155,0,0,28,71.6214,51.1882
71,3087155,0,0,29,71.5833,51.2027
71,3087155,0,0,30,71.5741,51.2204
71,3087155,0,0,31,71.6186,51.2485
71,3087155,0,0,32,71.594,51.2775
71,3087155,0,0,33,71.5511,51.2431
71,3087155,0,0,34,71.4717,51.2633
71,3087155,0,0,35,71.4984,51.2901
71,3087155,0,0,36,71.4504,51.2716
71,3087155,0,0,37,71.4,51.2673
71,3087155,0,0,38,71.3851,51.3023
71,3087155,0,0,39,71.3556,51.2977
71,3087155,0,0,40,71.3664,51.2712
71,3087155,0,0,41,71.3349,51.2667
71,3087155,0,0,42,71.3016,51.2332
71,3087155,0,0,43,71.2603,51.2463
71,3087155,0,0,44,71.2374,51.2085
71,3087155,0,0,45,71.2514,51.1906
71,3087155,0,0,46,71.2725,51.1891
71,3087155,0,0,47,71.2709,51.1834
71,3087155,0,0,48,71.2819,51.1794
71,3087155,0,0,49,71.253,51.176
71,3087155,0,0,50,71.2544,51.1582
71,3087155,0,0,51,71.2362,51.1496
71,3087155,0,0,52,71.2375,51.1325
71,3087155,0,0,53,71.2289,51.1151
71,3087155,0,0,54,71.218,51.1108
71,3087155,1,0,0,71.2981,51.2728
71,3087155,1,0,1,71.3093,51.2638
71,3087155,1,0,2,71.3362,51.2717
71,3087155,1,0,3,71.3202,51.2954
71,3087155,1,0,4,71.3061,51.291
71,3087155,1,0,5,71.3079,51.2777
71,3087155,1,0,6,71.2981,51.2728
71,3087155,2,0,0,71.3667,50.8669
71,3087155,2,0,1,71.4362,50.8576
71,3087155,2,0,2,71.4425,50.8771
71,3087155,2,0,3,71.3733,50.8863
71,3087155,2,0,4,71.3667,50.8669
71,3087155,3,0,0,71.6415,51.3317
71,3087155,3,0,1,71.6719,51.3094
71,3087155,3,0,2,71.7063,51.3476
71,3087155,3,0,3,71.6839,51.3509
71,3087155,3,0,4,71.6415,51.3317
71,3087155,4,0,0,71.7404,51.1661
71,3087155,4,0,1,71.7661,51.1447
71,3087155,4,0,2,71.7852,51.1573
71,3087155,4,0,3,71.7851,51.1656
71,3087155,4,0,4,71.7404,51.1661
75,2465058,0,0,0,76.742,43.3149
75,2465058,0,0,1,76.7547,43.2966
75,2465058,0,0,2,76.7984,43.282
75,2465058,0,0,3,76.7998,43.2743
75,2465058,0,0,4,76.7867,43.266
75,2465058,0,0,5,76.7935,43.2504
75,2465058,0,0,6,76.7758,43.2495
75,2465058,0,0,7,76.7865,43.2319
75,2465058,0,0,8,76.7698,43.2297
75,2465058,0,0,9,76.7804,43.2184
75,2465058,0,0,10,76.7721,43.2179
75,2465058,0,0,11,76.7786,43.1998
75,2465058,0,0,12,76.7898,43.1965
75,2465058,0,0,13,76.7928,43.1752
75,2465058,0,0,14,76.7888,43.1628
75,2465058,0,0,15,76.7752,43.1596
75,2465058,0,0,16,76.7984,43.1544
75,2465058,0,0,17,76.7995,43.1464
75,2465058,0,0,18,76.8084,43.1466
75,2465058,0,0,19,76.8081,43.1357
75,2465058,0,0,20,76.8357,43.1339
75,2465058,0,0,21,76.836,43.1221
75,2465058,0,0,22,76.8503,43.1223
75,2465058,0,0,23,76.8529,43.1347
75,2465058,0,0,24,76.8952,43.1261
75,2465058,0,0,25,76.9054,43.0801
75,2465058,0,0,26,76.937,43.085
75,2465058,0,0,27,76.9624,43.0778
75,2465058,0,0,28,76.9637,43.0592
75,2465058,0,0,29,76.9368,43.0443
75,2465058,0,0,30,76.9435,43.0338
75,2465058,0,0,31,76.9665,43.0496
75,2465058,0,0,32,77.0772,43.0338
75,2465058,0,0,33,77.0896,43.0709
75,2465058,0,0,34,77.0801,43.1154
75,2465058,0,0,35,77.1137,43.1099
75,2465058,0,0,36,77.1212,43.1174
75,2465058,0,0,37,77.1132,43.1139
75,2465058,0,0,38,77.0789,43.132
75,2465058,0,0,39,77.0629,43.1449
75,2465058,0,0,40,77.0602,43.1601
75,2465058,0,0,41,77.0702,43.1648
75,2465058,0,0,42,77.1171,43.1516
75,2465058,0,0,43,77.1222,43.1668
75,2465058,0,0,44,77.1349,43.1665
75,2465058,0,0,45,77.147,43.1782
75,2465058,0,0,46,77.146,43.1896
75,2465058,0,0,47,77.1197,43.2041
75,2465058,0,0,48,77.114,43.1816
75,2465058,0,0,49,77.0986,43.1761
75,2465058,0,0,50,77.0969,43.184
75,2465058,0,0,51,77.0688,43.1969
75,2465058,0,0,52,77.0575,43.2247
75,2465058,0,0,53,77.0394,43.2341
75,2465058,0,0,54,77.0322,43.2486
75,2465058,0,0,55,77.0046,43.2627
75,2465058,0,0,56,77.0149,43.2664
75,2465058,0,0,57,77.01,43.2906
75,2465058,0,0,58,77.0405,43.3103
75,2465058,0,0,59,77.0255,43.3199
75,2465058,0,0,60,77.0414,43.3379
75,2465058,0,0,61,77.0319,43.3468
75,2465058,0,0,62,77.0474,43.3487
75,2465058,0,0,63,77.0447,43.3531
75,2465058,0,0,64,77.0655,43.3622
75,2465058,0,0,65,77.0748,43.3694
75,2465058,0,0,66,77.1027,43.3829
75,2465058,0,0,67,77.1024,43.3841
75,2465058,0,0,68,77.0776,43.3713
75,2465058,0,0,69,77.0115,43.3598
75,2465058,0,0,70,77.0163,43.3861
75,2465058,0,0,71,76.986,43.4038
75,2465058,0,0,72,76.9656,43.3798
75,2465058,0,0,73,76.9292,43.3798
75,2465058,0,0,74,76.9168,43.3577
75,2465058,0,0,75,76.8928,43.3447
75,2465058,0,0,76,76.8803,43.3278
75,2465058,0,0,77,76.8752,43.3465
75,2465058,0,0,78,76.8658,43.3469
75,2465058,0,0,79,76.8571,43.3332
75,2465058,0,0,80,76.8509,43.354
75,2465058,0,0,81,76.8121,43.3547
75,2465058,0,0,82,76.8009,43.3294
75,2465058,0,0,83,76.7724,43.3165
75,2465058,0,0,84,76.742,43.3149
75,2465058,1,0,0,77.1273,43.3645
75,2465058,1,0,1,77.1462,43.3331
75,2465058,1,0,2,77.1668,43.3448
75,2465058,1,0,3,77.1606,43.359
75,2465058,1,0,4,77.1273,43.3645
79,3389772,0,0,0,69.3019,42.3568
79,3389772,0,0,1,69.3231,42.3517
79,3389772,0,0,2,69.3033,42.3223
79,3389772,0,0,3,69.3113,42.3232
79,3389772,0,0,4,69.3101,42.3131
79,3389772,0,0,5,69.3218,42.3098
79,3389772,0,0,6,69.3425,42.3234
79,3389772,0,0,7,69.3522,42.3051
79,3389772,0,0,8,69.3532,42.279
79,3389772,0,0,9,69.3702,42.2494
79,3389772,0,0,10,69.3367,42.2292
79,3389772,0,0,11,69.3955,42.2202
79,3389772,0,0,12,69.4256,42.1668
79,3389772,0,0,13,69.4411,42.1545
79,3389772,0,0,14,69.4755,42.1463
79,3389772,0,0,15,69.4855,42.1219
79,3389772,0,0,16,69.5133,42.1241
79,3389772,0,0,17,69.5179,42.1364
79,3389772,0,0,18,69.5337,42.1369
79,3389772,0,0,19,69.54,42.1278
79,3389772,0,0,20,69.5376,42.109
79,3389772,0,0,21,69.5483,42.1327
79,3389772,0,0,22,69.5682,42.1324
79,3389772,0,0,23,69.5709,42.1389
79,3389772,0,0,24,69.6119,42.1279
79,3389772,0,0,25,69.6201,42.137
79,3389772,0,0,26,69.6088,42.1458
79,3389772,0,0,27,69.6162,42.1602
79,3389772,0,0,28,69.641,42.1613
79,3389772,0,0,29,69.6506,42.1532
79,3389772,0,0,30,69.6537,42.1745
79,3389772,0,0,31,69.6457,42.172
79,3389772,0,0,32,69.6584,42.1988
79,3389772,0,0,33,69.6916,42.1923
79,3389772,0,0,34,69.7109,42.2286
79,3389772,0,0,35,69.7594,42.2324
79,3389772,0,0,36,69.7523,42.2024
79,3389772,0,0,37,69.7571,42.1912
79,3389772,0,0,38,69.7849,42.2145
79,3389772,0,0,39,69.7821,42.1976
79,3389772,0,0,40,69.7947,42.2027
79,3389772,0,0,41,69.8026,42.193
79,3389772,0,0,42,69.8223,42.1926
79,3389772,0,0,43,69.8249,42.1996
79,3389772,0,0,44,69.8135,42.1996
79,3389772,0,0,45,69.813,42.2125
79,3389772,0,0,46,69.8375,42.2139
79,3389772,0,0,47,69.8027,42.2491
79,3389772,0,0,48,69.826,42.2669
79,3389772,0,0,49,69.833,42.2602
79,3389772,0,0,50,69.8655,42.2681
79,3389772,0,0,51,69.8832,42.2865
79,3389772,0,0,52,69.9197,42.2768
79,3389772,0,0,53,69.9357,42.2852
79,3389772,0,0,54,69.8857,42.3113
79,3389772,0,0,55,69.8815,42.3194
79,3389772,0,0,56,69.8903,42.3205
79,3389772,0,0,57,69.8713,42.3323
79,3389772,0,0,58,69.824,42.3402
79,3389772,0,0,59,69.8138,42.3474
79,3389772,0,0,60,69.818,42.3556
79,3389772,0,0,61,69.7783,42.3764
79,3389772,0,0,62,69.7779,42.3902
79,3389772,0,0,63,69.7242,42.4165
79,3389772,0,0,64,69.7307,42.4264
79,3389772,0,0,65,69.7168,42.4384
79,3389772,0,0,66,69.5923,42.4583
79,3389772,0,0,67,69.5311,42.4785
79,3389772,0,0,68,69.4623,42.4785
79,3389772,0,0,69,69.4502,42.4662
79,3389772,0,0,70,69.4643,42.4445
79,3389772,0,0,71,69.4306,42.4325
79,3389772,0,0,72,69.4399,42.4206
79,3389772,0,0,73,69.4311,42.415
79,3389772,0,0,74,69.4031,42.4206
79,3389772,0,0,75,69.3868,42.4112
79,3389772,0,0,76,69.3906,42.3982
79,3389772,0,0,77,69.3805,42.3831
79,3389772,0,0,78,69.3257,42.3757
79,3389772,0,0,79,69.3019,42.3568
